/*
 * SPDX-License-Identifier: GPL-3.0-only
 * MuseScore-Studio-CLA-applies
 *
 * MuseScore Studio
 * Music Composition & Notation
 *
 * Copyright (C) 2026 MuseScore Limited and others
 *
 * This program is free software: you can redistribute it and/or modify
 * it under the terms of the GNU General Public License version 3 as
 * published by the Free Software Foundation.
 *
 * This program is distributed in the hope that it will be useful,
 * but WITHOUT ANY WARRANTY; without even the implied warranty of
 * MERCHANTABILITY or FITNESS FOR A PARTICULAR PURPOSE.  See the
 * GNU General Public License for more details.
 *
 * You should have received a copy of the GNU General Public License
 * along with this program.  If not, see <https://www.gnu.org/licenses/>.
 */

// TABLE_B for the legacy Encore ZBOT stream cipher (the cipher itself lives in zbot.cpp).
// TABLE_B was recovered by comparing what two Encore releases (5.0.2 and 4.5) ship in common and
// keeping the data both hold unchanged.
//
// Storage: TABLE_B (9776x4 = 39104 bytes) is nibble-packed (2 values/byte) since 99.98% of values
// are 0-9. Columns are pre-permuted ([orig_col2, orig_col3, orig_col0, orig_col1]) so access is
// kFlat[idx*4 + sub] with no extra indirection. Nine outlier bytes (values > 9) are fixed up via
// kPatches at first use (see zbot.cpp). It is kept in its own translation unit so zbot.cpp stays
// small and easy to review.

#include <cstdint>

namespace mu::iex::enc {
extern const uint8_t kTablePacked[19552] = {
    0x37, 0x02, 0x80, 0x70, 0x86, 0x78, 0x92, 0x53, 0x47, 0x64, 0x14, 0x05, 0x78, 0x32, 0x96, 0x24,
    0x50, 0x52, 0x18, 0x30, 0x60, 0x82, 0x55, 0x08, 0x79, 0x49, 0x91, 0x33, 0x61, 0x09, 0x08, 0x00,
    0x73, 0x80, 0x41, 0x16, 0x76, 0x75, 0x84, 0x75, 0x76, 0x65, 0x16, 0x14, 0x51, 0x04, 0x07, 0x03,
    0x99, 0x96, 0x54, 0x90, 0x99, 0x98, 0x42, 0x87, 0x11, 0x56, 0x15, 0x02, 0x34, 0x37, 0x84, 0x50,
    0x08, 0x39, 0x13, 0x09, 0x03, 0x55, 0x02, 0x76, 0x47, 0x28, 0x01, 0x01, 0x64, 0x47, 0x32, 0x62,
    0x10, 0x35, 0x32, 0x34, 0x66, 0x09, 0x23, 0x82, 0x66, 0x05, 0x27, 0x52, 0x66, 0x98, 0x81, 0x03,
    0x79, 0x21, 0x07, 0x74, 0x13, 0x66, 0x63, 0x87, 0x51, 0x88, 0x91, 0x40, 0x89, 0x56, 0x37, 0x97,
    0x95, 0x83, 0x64, 0x67, 0x30, 0x74, 0x60, 0x75, 0x50, 0x70, 0x66, 0x81, 0x84, 0x21, 0x06, 0x16,
    0x00, 0x49, 0x06, 0x12, 0x17, 0x09, 0x52, 0x80, 0x41, 0x85, 0x59, 0x32, 0x95, 0x38, 0x99, 0x77,
    0x89, 0x42, 0x80, 0x82, 0x17, 0x44, 0x83, 0x23, 0x71, 0x43, 0x22, 0x14, 0x93, 0x48, 0x78, 0x58,
    0x30, 0x79, 0x76, 0x59, 0x60, 0x83, 0x38, 0x35, 0x66, 0x11, 0x48, 0x13, 0x73, 0x08, 0x49, 0x73,
    0x13, 0x16, 0x02, 0x88, 0x50, 0x25, 0x09, 0x61, 0x00, 0x32, 0x02, 0x17, 0x41, 0x24, 0x68, 0x59,
    0x09, 0x90, 0x36, 0x56, 0x79, 0x80, 0x61, 0x48, 0x08, 0x27, 0x99, 0x94, 0x92, 0x46, 0x24, 0x38,
    0x02, 0x87, 0x04, 0x68, 0x93, 0x88, 0x83, 0x96, 0x35, 0x57, 0x32, 0x71, 0x71, 0x38, 0x93, 0x95,
    0x92, 0x80, 0x00, 0x87, 0x78, 0x20, 0x77, 0x50, 0x19, 0x33, 0x59, 0x36, 0x21, 0x01, 0x07, 0x27,
    0x04, 0x91, 0x94, 0x01, 0x67, 0x28, 0x11, 0x99, 0x88, 0x73, 0x46, 0x11, 0x41, 0x22, 0x61, 0x47,
    0x57, 0x02, 0x20, 0x73, 0x99, 0x24, 0x80, 0x13, 0x95, 0x98, 0x54, 0x49, 0x95, 0x78, 0x46, 0x82,
    0x98, 0x77, 0x16, 0x74, 0x73, 0x59, 0x93, 0x20, 0x88, 0x45, 0x25, 0x09, 0x75, 0x06, 0x83, 0x25,
    0x80, 0x60, 0x34, 0x18, 0x27, 0x43, 0x66, 0x01, 0x69, 0x98, 0x22, 0x78, 0x68, 0x25, 0x14, 0x35,
    0x22, 0x66, 0x96, 0x48, 0x00, 0x12, 0x59, 0x84, 0x51, 0x25, 0x48, 0x14, 0x18, 0x82, 0x35, 0x54,
    0x07, 0x53, 0x90, 0x61, 0x00, 0x61, 0x98, 0x92, 0x14, 0x45, 0x80, 0x64, 0x17, 0x72, 0x41, 0x93,
    0x79, 0x26, 0x62, 0x38, 0x26, 0x59, 0x47, 0x83, 0x16, 0x98, 0x11, 0x10, 0x17, 0x84, 0x83, 0x47,
    0x79, 0x56, 0x05, 0x89, 0x54, 0x71, 0x58, 0x05, 0x57, 0x73, 0x10, 0x83, 0x60, 0x46, 0x16, 0x19,
    0x69, 0x22, 0x92, 0x75, 0x01, 0x55, 0x42, 0x92, 0x73, 0x32, 0x29, 0x91, 0x37, 0x28, 0x52, 0x16,
    0x13, 0x64, 0x48, 0x20, 0x23, 0x58, 0x17, 0x66, 0x92, 0x83, 0x94, 0x16, 0x19, 0x07, 0x79, 0x83,
    0x63, 0x93, 0x94, 0x95, 0x18, 0x54, 0x75, 0x76, 0x58, 0x33, 0x63, 0x33, 0x52, 0x19, 0x98, 0x69,
    0x45, 0x42, 0x42, 0x08, 0x74, 0x78, 0x79, 0x06, 0x32, 0x95, 0x77, 0x96, 0x29, 0x23, 0x75, 0x20,
    0x30, 0x50, 0x20, 0x48, 0x83, 0x95, 0x45, 0x41, 0x17, 0x70, 0x24, 0x59, 0x29, 0x60, 0x60, 0x02,
    0x05, 0x59, 0x10, 0x57, 0x69, 0x13, 0x85, 0x27, 0x66, 0x53, 0x79, 0x25, 0x63, 0x36, 0x13, 0x80,
    0x51, 0x60, 0x85, 0x35, 0x01, 0x46, 0x23, 0x58, 0x68, 0x52, 0x22, 0x62, 0x85, 0x22, 0x50, 0x01,
    0x30, 0x86, 0x72, 0x20, 0x70, 0x05, 0x97, 0x78, 0x08, 0x97, 0x16, 0x56, 0x01, 0x40, 0x07, 0x25,
    0x18, 0x49, 0x10, 0x09, 0x75, 0x33, 0x26, 0x71, 0x49, 0x83, 0x63, 0x07, 0x94, 0x23, 0x24, 0x62,
    0x01, 0x43, 0x96, 0x18, 0x04, 0x36, 0x02, 0x11, 0x81, 0x25, 0x01, 0x48, 0x86, 0x19, 0x92, 0x79,
    0x30, 0x11, 0x20, 0x01, 0x60, 0x53, 0x17, 0x67, 0x47, 0x85, 0x04, 0x25, 0x83, 0x74, 0x55, 0x91,
    0x72, 0x99, 0x73, 0x79, 0x41, 0x90, 0x16, 0x70, 0x49, 0x89, 0x45, 0x24, 0x33, 0x62, 0x40, 0x10,
    0x58, 0x31, 0x63, 0x13, 0x16, 0x41, 0x88, 0x86, 0x27, 0x18, 0x98, 0x82, 0x61, 0x23, 0x15, 0x78,
    0x56, 0x60, 0x46, 0x35, 0x84, 0x07, 0x95, 0x19, 0x52, 0x67, 0x24, 0x78, 0x11, 0x21, 0x80, 0x24,
    0x86, 0x10, 0x67, 0x53, 0x17, 0x00, 0x20, 0x49, 0x81, 0x70, 0x55, 0x51, 0x09, 0x69, 0x46, 0x42,
    0x90, 0x70, 0x93, 0x04, 0x21, 0x29, 0x61, 0x09, 0x15, 0x47, 0x92, 0x16, 0x46, 0x00, 0x31, 0x69,
    0x40, 0x13, 0x14, 0x52, 0x36, 0x32, 0x07, 0x03, 0x22, 0x75, 0x23, 0x97, 0x20, 0x29, 0x67, 0x95,
    0x47, 0x55, 0x07, 0x59, 0x96, 0x11, 0x70, 0x24, 0x04, 0x24, 0x32, 0x70, 0x91, 0x29, 0x72, 0x16,
    0x04, 0x91, 0x46, 0x42, 0x21, 0x54, 0x78, 0x57, 0x86, 0x26, 0x69, 0x01, 0x33, 0x63, 0x24, 0x61,
    0x31, 0x06, 0x93, 0x64, 0x24, 0x54, 0x05, 0x14, 0x10, 0x82, 0x33, 0x00, 0x18, 0x63, 0x43, 0x94,
    0x65, 0x37, 0x04, 0x76, 0x93, 0x77, 0x24, 0x22, 0x18, 0x91, 0x01, 0x24, 0x52, 0x35, 0x05, 0x61,
    0x41, 0x50, 0x04, 0x74, 0x45, 0x17, 0x54, 0x30, 0x45, 0x48, 0x27, 0x17, 0x73, 0x56, 0x62, 0x32,
    0x56, 0x94, 0x66, 0x46, 0x32, 0x03, 0x06, 0x31, 0x56, 0x47, 0x70, 0x10, 0x87, 0x63, 0x85, 0x64,
    0x54, 0x32, 0x13, 0x06, 0x76, 0x57, 0x84, 0x00, 0x00, 0x04, 0x42, 0x60, 0x99, 0x11, 0x07, 0x63,
    0x12, 0x68, 0x92, 0x02, 0x83, 0x68, 0x51, 0x70, 0x01, 0x71, 0x96, 0x04, 0x92, 0x86, 0x78, 0x95,
    0x36, 0x05, 0x40, 0x80, 0x35, 0x61, 0x41, 0x32, 0x43, 0x52, 0x72, 0x59, 0x38, 0x04, 0x07, 0x31,
    0x07, 0x81, 0x09, 0x02, 0x38, 0x06, 0x61, 0x67, 0x41, 0x77, 0x43, 0x39, 0x94, 0x65, 0x95, 0x85,
    0x08, 0x28, 0x03, 0x44, 0x85, 0x46, 0x49, 0x86, 0x20, 0x62, 0x90, 0x80, 0x36, 0x53, 0x00, 0x78,
    0x66, 0x21, 0x30, 0x64, 0x76, 0x12, 0x45, 0x40, 0x55, 0x89, 0x21, 0x98, 0x92, 0x57, 0x49, 0x18,
    0x00, 0x70, 0x02, 0x75, 0x04, 0x32, 0x40, 0x67, 0x03, 0x52, 0x08, 0x00, 0x51, 0x41, 0x17, 0x84,
    0x74, 0x45, 0x84, 0x97, 0x75, 0x91, 0x92, 0x64, 0x09, 0x38, 0x07, 0x78, 0x69, 0x51, 0x55, 0x73,
    0x79, 0x46, 0x62, 0x02, 0x38, 0x07, 0x84, 0x40, 0x70, 0x20, 0x96, 0x83, 0x17, 0x59, 0x65, 0x98,
    0x95, 0x57, 0x26, 0x16, 0x14, 0x95, 0x25, 0x56, 0x75, 0x77, 0x70, 0x28, 0x43, 0x89, 0x65, 0x87,
    0x00, 0x22, 0x10, 0x35, 0x50, 0x12, 0x98, 0x53, 0x37, 0x07, 0x55, 0x63, 0x66, 0x24, 0x40, 0x86,
    0x86, 0x47, 0x98, 0x69, 0x44, 0x31, 0x75, 0x34, 0x66, 0x70, 0x47, 0x44, 0x55, 0x38, 0x68, 0x74,
    0x98, 0x23, 0x92, 0x58, 0x20, 0x41, 0x91, 0x37, 0x35, 0x14, 0x74, 0x18, 0x50, 0x61, 0x41, 0x59,
    0x55, 0x71, 0x23, 0x19, 0x39, 0x96, 0x65, 0x75, 0x54, 0x22, 0x93, 0x11, 0x15, 0x09, 0x53, 0x14,
    0x68, 0x89, 0x63, 0x86, 0x47, 0x03, 0x83, 0x22, 0x24, 0x74, 0x60, 0x29, 0x02, 0x02, 0x92, 0x09,
    0x76, 0x38, 0x51, 0x14, 0x91, 0x64, 0x48, 0x73, 0x19, 0x45, 0x99, 0x51, 0x32, 0x29, 0x82, 0x77,
    0x64, 0x59, 0x94, 0x72, 0x20, 0x46, 0x29, 0x31, 0x54, 0x56, 0x00, 0x14, 0x44, 0x85, 0x94, 0x20,
    0x91, 0x54, 0x94, 0x14, 0x03, 0x25, 0x09, 0x20, 0x31, 0x79, 0x46, 0x06, 0x01, 0x56, 0x17, 0x34,
    0x06, 0x23, 0x06, 0x77, 0x01, 0x95, 0x81, 0x77, 0x28, 0x48, 0x39, 0x90, 0x16, 0x59, 0x94, 0x69,
    0x61, 0x25, 0x13, 0x93, 0x51, 0x92, 0x95, 0x49, 0x81, 0x79, 0x61, 0x46, 0x70, 0x15, 0x27, 0x53,
    0x88, 0x26, 0x64, 0x16, 0x58, 0x06, 0x07, 0x24, 0x68, 0x69, 0x75, 0x09, 0x93, 0x04, 0x92, 0x60,
    0x70, 0x34, 0x18, 0x81, 0x33, 0x88, 0x77, 0x88, 0x65, 0x62, 0x85, 0x76, 0x65, 0x00, 0x93, 0x76,
    0x20, 0x54, 0x94, 0x22, 0x49, 0x93, 0x88, 0x76, 0x95, 0x57, 0x13, 0x45, 0x24, 0x49, 0x34, 0x90,
    0x27, 0x85, 0x07, 0x89, 0x12, 0x45, 0x13, 0x11, 0x06, 0x67, 0x77, 0x04, 0x87, 0x46, 0x17, 0x75,
    0x60, 0x60, 0x47, 0x74, 0x99, 0x57, 0x53, 0x54, 0x54, 0x95, 0x31, 0x82, 0x50, 0x94, 0x98, 0x48,
    0x33, 0x56, 0x72, 0x74, 0x62, 0x92, 0x14, 0x74, 0x28, 0x53, 0x68, 0x19, 0x38, 0x87, 0x31, 0x36,
    0x16, 0x82, 0x26, 0x97, 0x83, 0x42, 0x04, 0x61, 0x08, 0x66, 0x61, 0x70, 0x07, 0x89, 0x78, 0x82,
    0x55, 0x48, 0x39, 0x31, 0x29, 0x62, 0x39, 0x42, 0x65, 0x95, 0x57, 0x35, 0x15, 0x31, 0x57, 0x64,
    0x34, 0x78, 0x43, 0x82, 0x13, 0x43, 0x66, 0x44, 0x45, 0x81, 0x93, 0x80, 0x81, 0x90, 0x89, 0x23,
    0x64, 0x62, 0x54, 0x10, 0x71, 0x11, 0x02, 0x61, 0x92, 0x16, 0x64, 0x10, 0x39, 0x02, 0x12, 0x30,
    0x30, 0x79, 0x84, 0x66, 0x13, 0x56, 0x00, 0x53, 0x76, 0x18, 0x31, 0x44, 0x01, 0x00, 0x69, 0x65,
    0x07, 0x76, 0x92, 0x56, 0x85, 0x71, 0x44, 0x55, 0x62, 0x58, 0x51, 0x36, 0x95, 0x44, 0x52, 0x70,
    0x16, 0x91, 0x60, 0x43, 0x82, 0x68, 0x66, 0x42, 0x23, 0x17, 0x63, 0x96, 0x62, 0x17, 0x92, 0x15,
    0x05, 0x93, 0x15, 0x98, 0x38, 0x31, 0x68, 0x91, 0x48, 0x31, 0x23, 0x55, 0x88, 0x34, 0x61, 0x09,
    0x64, 0x17, 0x32, 0x97, 0x73, 0x74, 0x38, 0x43, 0x44, 0x56, 0x84, 0x02, 0x73, 0x69, 0x50, 0x79,
    0x82, 0x07, 0x61, 0x72, 0x19, 0x90, 0x51, 0x69, 0x26, 0x26, 0x03, 0x52, 0x88, 0x98, 0x86, 0x74,
    0x14, 0x57, 0x02, 0x30, 0x04, 0x62, 0x82, 0x64, 0x01, 0x84, 0x64, 0x89, 0x30, 0x42, 0x07, 0x09,
    0x06, 0x76, 0x77, 0x94, 0x72, 0x01, 0x15, 0x72, 0x60, 0x20, 0x06, 0x68, 0x66, 0x82, 0x63, 0x66,
    0x05, 0x91, 0x98, 0x80, 0x83, 0x83, 0x02, 0x00, 0x90, 0x21, 0x68, 0x19, 0x18, 0x38, 0x48, 0x20,
    0x16, 0x96, 0x09, 0x53, 0x13, 0x62, 0x03, 0x63, 0x16, 0x73, 0x86, 0x11, 0x62, 0x49, 0x99, 0x87,
    0x91, 0x62, 0x53, 0x82, 0x83, 0x99, 0x07, 0x61, 0x91, 0x28, 0x05, 0x22, 0x92, 0x32, 0x97, 0x03,
    0x26, 0x18, 0x43, 0x65, 0x01, 0x98, 0x03, 0x47, 0x21, 0x76, 0x73, 0x18, 0x49, 0x94, 0x27, 0x67,
    0x44, 0x28, 0x94, 0x02, 0x83, 0x08, 0x03, 0x71, 0x53, 0x64, 0x99, 0x12, 0x75, 0x04, 0x72, 0x19,
    0x75, 0x57, 0x77, 0x68, 0x20, 0x92, 0x24, 0x53, 0x24, 0x57, 0x69, 0x99, 0x26, 0x96, 0x78, 0x83,
    0x41, 0x48, 0x93, 0x74, 0x83, 0x15, 0x36, 0x55, 0x90, 0x21, 0x90, 0x36, 0x51, 0x38, 0x30, 0x54,
    0x70, 0x81, 0x14, 0x25, 0x34, 0x75, 0x04, 0x56, 0x70, 0x06, 0x25, 0x09, 0x47, 0x42, 0x67, 0x18,
    0x55, 0x20, 0x58, 0x72, 0x43, 0x94, 0x59, 0x77, 0x94, 0x11, 0x24, 0x52, 0x42, 0x35, 0x32, 0x51,
    0x00, 0x36, 0x81, 0x01, 0x05, 0x84, 0x71, 0x95, 0x85, 0x30, 0x97, 0x71, 0x38, 0x76, 0x01, 0x60,
    0x31, 0x16, 0x00, 0x66, 0x71, 0x65, 0x40, 0x59, 0x73, 0x66, 0x77, 0x11, 0x29, 0x25, 0x37, 0x20,
    0x97, 0x90, 0x76, 0x02, 0x85, 0x99, 0x14, 0x98, 0x77, 0x26, 0x61, 0x11, 0x11, 0x28, 0x89, 0x99,
    0x28, 0x59, 0x09, 0x52, 0x61, 0x65, 0x19, 0x24, 0x63, 0x94, 0x05, 0x26, 0x05, 0x30, 0x96, 0x86,
    0x92, 0x07, 0x05, 0x27, 0x71, 0x72, 0x81, 0x95, 0x03, 0x11, 0x25, 0x77, 0x24, 0x92, 0x58, 0x81,
    0x35, 0x11, 0x36, 0x95, 0x87, 0x06, 0x13, 0x32, 0x36, 0x27, 0x90, 0x38, 0x89, 0x05, 0x80, 0x13,
    0x58, 0x12, 0x54, 0x95, 0x47, 0x38, 0x59, 0x55, 0x51, 0x37, 0x53, 0x66, 0x63, 0x08, 0x46, 0x28,
    0x70, 0x78, 0x21, 0x74, 0x15, 0x30, 0x36, 0x51, 0x59, 0x18, 0x40, 0x43, 0x47, 0x88, 0x69, 0x41,
    0x49, 0x51, 0x50, 0x58, 0x55, 0x65, 0x79, 0x94, 0x29, 0x69, 0x77, 0x59, 0x90, 0x29, 0x55, 0x72,
    0x32, 0x95, 0x52, 0x81, 0x30, 0x32, 0x66, 0x68, 0x06, 0x59, 0x52, 0x25, 0x44, 0x13, 0x59, 0x94,
    0x47, 0x02, 0x07, 0x79, 0x19, 0x75, 0x27, 0x16, 0x42, 0x35, 0x98, 0x05, 0x82, 0x90, 0x53, 0x01,
    0x97, 0x76, 0x63, 0x66, 0x31, 0x95, 0x57, 0x22, 0x72, 0x60, 0x32, 0x32, 0x52, 0x98, 0x05, 0x96,
    0x36, 0x84, 0x13, 0x70, 0x57, 0x44, 0x06, 0x66, 0x30, 0x75, 0x22, 0x40, 0x03, 0x60, 0x40, 0x22,
    0x83, 0x49, 0x84, 0x76, 0x92, 0x25, 0x23, 0x75, 0x79, 0x96, 0x54, 0x29, 0x76, 0x60, 0x70, 0x56,
    0x61, 0x55, 0x92, 0x08, 0x57, 0x50, 0x75, 0x82, 0x64, 0x85, 0x06, 0x19, 0x20, 0x69, 0x34, 0x18,
    0x58, 0x50, 0x58, 0x79, 0x49, 0x73, 0x60, 0x04, 0x44, 0x06, 0x12, 0x12, 0x65, 0x80, 0x06, 0x58,
    0x25, 0x94, 0x15, 0x63, 0x38, 0x82, 0x45, 0x48, 0x34, 0x78, 0x73, 0x02, 0x10, 0x96, 0x13, 0x61,
    0x40, 0x23, 0x50, 0x46, 0x60, 0x10, 0x57, 0x78, 0x63, 0x58, 0x27, 0x51, 0x05, 0x78, 0x61, 0x48,
    0x70, 0x08, 0x23, 0x29, 0x60, 0x64, 0x13, 0x36, 0x11, 0x92, 0x77, 0x22, 0x77, 0x25, 0x52, 0x35,
    0x70, 0x15, 0x31, 0x38, 0x28, 0x31, 0x06, 0x54, 0x77, 0x99, 0x45, 0x26, 0x26, 0x02, 0x91, 0x06,
    0x13, 0x36, 0x10, 0x29, 0x06, 0x33, 0x69, 0x58, 0x26, 0x61, 0x13, 0x66, 0x86, 0x43, 0x88, 0x36,
    0x61, 0x26, 0x05, 0x31, 0x83, 0x45, 0x78, 0x93, 0x03, 0x44, 0x15, 0x32, 0x55, 0x12, 0x63, 0x65,
    0x21, 0x59, 0x78, 0x74, 0x35, 0x00, 0x67, 0x75, 0x36, 0x99, 0x05, 0x92, 0x08, 0x24, 0x46, 0x37,
    0x50, 0x75, 0x58, 0x91, 0x43, 0x59, 0x03, 0x93, 0x88, 0x46, 0x70, 0x41, 0x71, 0x58, 0x25, 0x00,
    0x89, 0x26, 0x42, 0x86, 0x18, 0x03, 0x92, 0x67, 0x04, 0x08, 0x71, 0x26, 0x07, 0x65, 0x75, 0x12,
    0x61, 0x12, 0x38, 0x60, 0x92, 0x63, 0x26, 0x68, 0x22, 0x22, 0x97, 0x29, 0x18, 0x46, 0x36, 0x35,
    0x27, 0x95, 0x72, 0x23, 0x03, 0x97, 0x17, 0x14, 0x62, 0x67, 0x68, 0x19, 0x86, 0x11, 0x81, 0x93,
    0x66, 0x15, 0x01, 0x30, 0x07, 0x01, 0x62, 0x07, 0x21, 0x68, 0x04, 0x51, 0x81, 0x13, 0x17, 0x69,
    0x04, 0x83, 0x32, 0x45, 0x86, 0x52, 0x10, 0x05, 0x95, 0x75, 0x94, 0x81, 0x86, 0x55, 0x16, 0x84,
    0x43, 0x56, 0x90, 0x82, 0x98, 0x56, 0x99, 0x16, 0x92, 0x17, 0x04, 0x48, 0x18, 0x53, 0x20, 0x29,
    0x27, 0x69, 0x12, 0x04, 0x36, 0x57, 0x05, 0x59, 0x91, 0x49, 0x05, 0x61, 0x18, 0x50, 0x45, 0x74,
    0x10, 0x79, 0x94, 0x17, 0x39, 0x67, 0x43, 0x32, 0x58, 0x96, 0x10, 0x89, 0x12, 0x04, 0x45, 0x01,
    0x90, 0x46, 0x09, 0x38, 0x28, 0x84, 0x06, 0x90, 0x27, 0x81, 0x67, 0x94, 0x08, 0x80, 0x95, 0x44,
    0x19, 0x39, 0x74, 0x98, 0x31, 0x13, 0x08, 0x77, 0x47, 0x80, 0x08, 0x53, 0x10, 0x98, 0x22, 0x58,
    0x17, 0x01, 0x39, 0x98, 0x90, 0x21, 0x84, 0x05, 0x32, 0x92, 0x40, 0x55, 0x89, 0x25, 0x90, 0x86,
    0x19, 0x08, 0x40, 0x94, 0x40, 0x83, 0x48, 0x51, 0x54, 0x85, 0x51, 0x10, 0x90, 0x20, 0x70, 0x90,
    0x03, 0x16, 0x46, 0x96, 0x58, 0x59, 0x69, 0x29, 0x82, 0x72, 0x74, 0x73, 0x24, 0x16, 0x38, 0x97,
    0x07, 0x20, 0x64, 0x98, 0x63, 0x66, 0x76, 0x40, 0x67, 0x97, 0x07, 0x93, 0x59, 0x44, 0x36, 0x03,
    0x52, 0x58, 0x97, 0x77, 0x04, 0x77, 0x96, 0x39, 0x20, 0x88, 0x05, 0x38, 0x28, 0x17, 0x34, 0x75,
    0x52, 0x87, 0x36, 0x21, 0x72, 0x92, 0x94, 0x88, 0x83, 0x05, 0x95, 0x72, 0x01, 0x06, 0x25, 0x06,
    0x82, 0x97, 0x95, 0x17, 0x50, 0x94, 0x95, 0x70, 0x07, 0x89, 0x61, 0x18, 0x15, 0x86, 0x40, 0x51,
    0x05, 0x27, 0x75, 0x27, 0x63, 0x25, 0x01, 0x30, 0x36, 0x38, 0x74, 0x48, 0x49, 0x01, 0x49, 0x06,
    0x56, 0x56, 0x36, 0x96, 0x23, 0x66, 0x30, 0x28, 0x06, 0x20, 0x17, 0x59, 0x41, 0x17, 0x25, 0x40,
    0x02, 0x48, 0x69, 0x72, 0x84, 0x35, 0x11, 0x51, 0x39, 0x20, 0x66, 0x46, 0x70, 0x69, 0x96, 0x19,
    0x42, 0x18, 0x72, 0x96, 0x19, 0x94, 0x59, 0x01, 0x66, 0x00, 0x47, 0x35, 0x21, 0x83, 0x31, 0x39,
    0x43, 0x19, 0x07, 0x98, 0x96, 0x04, 0x53, 0x37, 0x94, 0x91, 0x24, 0x19, 0x36, 0x00, 0x82, 0x90,
    0x30, 0x83, 0x45, 0x03, 0x31, 0x87, 0x32, 0x93, 0x65, 0x41, 0x42, 0x27, 0x42, 0x85, 0x28, 0x05,
    0x45, 0x09, 0x90, 0x87, 0x61, 0x48, 0x89, 0x59, 0x45, 0x70, 0x66, 0x03, 0x66, 0x84, 0x06, 0x52,
    0x12, 0x81, 0x51, 0x71, 0x85, 0x45, 0x84, 0x61, 0x09, 0x01, 0x50, 0x01, 0x40, 0x60, 0x04, 0x77,
    0x50, 0x43, 0x32, 0x59, 0x75, 0x80, 0x01, 0x63, 0x82, 0x20, 0x91, 0x03, 0x38, 0x53, 0x59, 0x81,
    0x79, 0x05, 0x48, 0x17, 0x58, 0x44, 0x39, 0x51, 0x43, 0x05, 0x01, 0x85, 0x83, 0x74, 0x49, 0x74,
    0x45, 0x06, 0x90, 0x12, 0x91, 0x43, 0x20, 0x97, 0x54, 0x98, 0x42, 0x27, 0x25, 0x49, 0x77, 0x76,
    0x52, 0x60, 0x79, 0x69, 0x58, 0x28, 0x74, 0x67, 0x65, 0x82, 0x28, 0x40, 0x04, 0x45, 0x34, 0x67,
    0x50, 0x79, 0x97, 0x34, 0x80, 0x10, 0x97, 0x42, 0x00, 0x51, 0x59, 0x99, 0x76, 0x01, 0x70, 0x89,
    0x19, 0x03, 0x13, 0x91, 0x69, 0x68, 0x35, 0x05, 0x87, 0x27, 0x80, 0x09, 0x85, 0x47, 0x54, 0x89,
    0x50, 0x40, 0x50, 0x64, 0x35, 0x16, 0x17, 0x66, 0x09, 0x80, 0x20, 0x56, 0x78, 0x72, 0x59, 0x60,
    0x70, 0x98, 0x02, 0x49, 0x89, 0x05, 0x82, 0x16, 0x43, 0x63, 0x49, 0x59, 0x24, 0x39, 0x90, 0x27,
    0x99, 0x04, 0x95, 0x55, 0x85, 0x69, 0x69, 0x00, 0x24, 0x85, 0x92, 0x95, 0x62, 0x49, 0x09, 0x59,
    0x14, 0x01, 0x66, 0x87, 0x97, 0x08, 0x70, 0x29, 0x09, 0x57, 0x80, 0x34, 0x80, 0x97, 0x99, 0x57,
    0x55, 0x96, 0x90, 0x74, 0x69, 0x23, 0x98, 0x40, 0x32, 0x63, 0x30, 0x36, 0x82, 0x78, 0x02, 0x74,
    0x71, 0x89, 0x77, 0x78, 0x91, 0x76, 0x87, 0x39, 0x64, 0x04, 0x99, 0x32, 0x07, 0x59, 0x82, 0x14,
    0x82, 0x40, 0x09, 0x67, 0x28, 0x52, 0x81, 0x11, 0x53, 0x04, 0x19, 0x54, 0x93, 0x85, 0x00, 0x92,
    0x92, 0x31, 0x76, 0x79, 0x14, 0x49, 0x45, 0x50, 0x53, 0x13, 0x41, 0x51, 0x74, 0x90, 0x20, 0x49,
    0x11, 0x68, 0x30, 0x31, 0x52, 0x91, 0x45, 0x90, 0x85, 0x09, 0x19, 0x22, 0x55, 0x13, 0x56, 0x73,
    0x37, 0x29, 0x65, 0x13, 0x93, 0x70, 0x77, 0x75, 0x02, 0x05, 0x34, 0x49, 0x63, 0x01, 0x65, 0x70,
    0x28, 0x40, 0x56, 0x47, 0x19, 0x64, 0x27, 0x08, 0x08, 0x27, 0x63, 0x95, 0x37, 0x02, 0x67, 0x56,
    0x22, 0x03, 0x75, 0x10, 0x41, 0x86, 0x95, 0x21, 0x44, 0x05, 0x59, 0x05, 0x63, 0x94, 0x58, 0x46,
    0x63, 0x55, 0x59, 0x52, 0x37, 0x79, 0x99, 0x56, 0x82, 0x82, 0x42, 0x29, 0x58, 0x96, 0x09, 0x39,
    0x88, 0x30, 0x97, 0x94, 0x22, 0x46, 0x95, 0x68, 0x60, 0x88, 0x43, 0x10, 0x47, 0x93, 0x40, 0x69,
    0x39, 0x31, 0x89, 0x95, 0x85, 0x08, 0x45, 0x91, 0x43, 0x07, 0x26, 0x10, 0x83, 0x49, 0x71, 0x91,
    0x07, 0x26, 0x85, 0x56, 0x62, 0x76, 0x67, 0x81, 0x82, 0x53, 0x09, 0x32, 0x84, 0x60, 0x02, 0x05,
    0x43, 0x53, 0x94, 0x35, 0x44, 0x65, 0x38, 0x01, 0x75, 0x85, 0x81, 0x86, 0x57, 0x83, 0x95, 0x93,
    0x80, 0x45, 0x60, 0x89, 0x99, 0x22, 0x61, 0x06, 0x44, 0x52, 0x62, 0x13, 0x38, 0x82, 0x70, 0x80,
    0x97, 0x94, 0x07, 0x54, 0x44, 0x23, 0x45, 0x48, 0x82, 0x07, 0x78, 0x95, 0x01, 0x70, 0x02, 0x72,
    0x16, 0x13, 0x50, 0x68, 0x02, 0x42, 0x94, 0x35, 0x79, 0x50, 0x40, 0x77, 0x93, 0x06, 0x70, 0x00,
    0x77, 0x24, 0x75, 0x74, 0x53, 0x78, 0x07, 0x57, 0x20, 0x74, 0x56, 0x81, 0x23, 0x82, 0x19, 0x20,
    0x63, 0x03, 0x47, 0x64, 0x00, 0x74, 0x69, 0x24, 0x00, 0x57, 0x45, 0x61, 0x76, 0x56, 0x62, 0x98,
    0x02, 0x73, 0x36, 0x35, 0x12, 0x49, 0x47, 0x82, 0x09, 0x86, 0x88, 0x88, 0x85, 0x90, 0x40, 0x42,
    0x53, 0x28, 0x15, 0x94, 0x53, 0x96, 0x82, 0x01, 0x05, 0x27, 0x70, 0x28, 0x44, 0x47, 0x76, 0x81,
    0x30, 0x84, 0x49, 0x48, 0x44, 0x35, 0x62, 0x94, 0x01, 0x26, 0x22, 0x85, 0x33, 0x27, 0x58, 0x71,
    0x54, 0x41, 0x08, 0x45, 0x02, 0x67, 0x64, 0x80, 0x37, 0x46, 0x27, 0x05, 0x38, 0x10, 0x18, 0x02,
    0x03, 0x24, 0x57, 0x81, 0x39, 0x61, 0x80, 0x65, 0x00, 0x38, 0x25, 0x59, 0x43, 0x24, 0x47, 0x85,
    0x92, 0x89, 0x53, 0x70, 0x26, 0x15, 0x30, 0x00, 0x17, 0x51, 0x31, 0x18, 0x35, 0x10, 0x20, 0x04,
    0x10, 0x10, 0x92, 0x66, 0x52, 0x90, 0x85, 0x26, 0x22, 0x65, 0x82, 0x09, 0x64, 0x47, 0x13, 0x09,
    0x00, 0x60, 0x12, 0x82, 0x48, 0x95, 0x60, 0x06, 0x41, 0x78, 0x74, 0x95, 0x68, 0x31, 0x95, 0x01,
    0x94, 0x03, 0x06, 0x56, 0x41, 0x15, 0x12, 0x56, 0x60, 0x77, 0x18, 0x39, 0x75, 0x12, 0x67, 0x55,
    0x06, 0x60, 0x03, 0x77, 0x88, 0x39, 0x02, 0x29, 0x40, 0x09, 0x82, 0x40, 0x67, 0x00, 0x77, 0x87,
    0x44, 0x25, 0x62, 0x05, 0x25, 0x60, 0x81, 0x05, 0x20, 0x40, 0x38, 0x41, 0x05, 0x16, 0x27, 0x01,
    0x07, 0x08, 0x93, 0x02, 0x77, 0x70, 0x26, 0x79, 0x03, 0x56, 0x06, 0x77, 0x75, 0x63, 0x23, 0x95,
    0x68, 0x74, 0x60, 0x85, 0x98, 0x35, 0x11, 0x65, 0x08, 0x10, 0x18, 0x07, 0x96, 0x20, 0x08, 0x66,
    0x17, 0x00, 0x46, 0x14, 0x60, 0x52, 0x00, 0x30, 0x86, 0x48, 0x73, 0x57, 0x99, 0x18, 0x94, 0x54,
    0x45, 0x17, 0x00, 0x40, 0x84, 0x59, 0x41, 0x49, 0x22, 0x14, 0x55, 0x49, 0x38, 0x75, 0x57, 0x27,
    0x30, 0x52, 0x69, 0x46, 0x17, 0x32, 0x86, 0x44, 0x33, 0x53, 0x51, 0x45, 0x12, 0x04, 0x52, 0x47,
    0x47, 0x75, 0x08, 0x00, 0x20, 0x89, 0x80, 0x92, 0x77, 0x31, 0x28, 0x17, 0x52, 0x45, 0x64, 0x29,
    0x62, 0x66, 0x44, 0x41, 0x63, 0x72, 0x58, 0x52, 0x71, 0x79, 0x52, 0x28, 0x64, 0x18, 0x02, 0x74,
    0x59, 0x46, 0x64, 0x07, 0x37, 0x89, 0x02, 0x14, 0x78, 0x19, 0x83, 0x44, 0x70, 0x68, 0x53, 0x67,
    0x87, 0x86, 0x78, 0x39, 0x41, 0x27, 0x71, 0x86, 0x86, 0x51, 0x61, 0x07, 0x18, 0x20, 0x54, 0x55,
    0x89, 0x31, 0x53, 0x12, 0x62, 0x60, 0x76, 0x62, 0x35, 0x29, 0x63, 0x59, 0x52, 0x15, 0x82, 0x81,
    0x61, 0x17, 0x24, 0x76, 0x98, 0x30, 0x55, 0x79, 0x51, 0x92, 0x40, 0x76, 0x85, 0x60, 0x42, 0x83,
    0x52, 0x60, 0x89, 0x06, 0x80, 0x17, 0x85, 0x68, 0x22, 0x39, 0x24, 0x98, 0x93, 0x61, 0x30, 0x34,
    0x72, 0x93, 0x01, 0x93, 0x75, 0x69, 0x53, 0x68, 0x55, 0x85, 0x43, 0x52, 0x10, 0x27, 0x01, 0x24,
    0x48, 0x69, 0x86, 0x01, 0x09, 0x20, 0x39, 0x42, 0x42, 0x87, 0x33, 0x40, 0x91, 0x47, 0x13, 0x06,
    0x07, 0x47, 0x25, 0x62, 0x43, 0x92, 0x19, 0x46, 0x04, 0x07, 0x84, 0x54, 0x22, 0x09, 0x14, 0x97,
    0x47, 0x00, 0x10, 0x21, 0x83, 0x60, 0x93, 0x35, 0x54, 0x54, 0x49, 0x79, 0x22, 0x24, 0x33, 0x79,
    0x60, 0x02, 0x72, 0x61, 0x28, 0x56, 0x08, 0x10, 0x02, 0x98, 0x25, 0x62, 0x52, 0x33, 0x08, 0x07,
    0x48, 0x55, 0x18, 0x44, 0x75, 0x07, 0x15, 0x18, 0x39, 0x35, 0x54, 0x85, 0x32, 0x35, 0x10, 0x48,
    0x45, 0x23, 0x69, 0x12, 0x82, 0x84, 0x96, 0x26, 0x89, 0x19, 0x62, 0x51, 0x75, 0x61, 0x61, 0x79,
    0x64, 0x16, 0x28, 0x44, 0x02, 0x13, 0x41, 0x84, 0x61, 0x72, 0x60, 0x96, 0x79, 0x62, 0x45, 0x38,
    0x91, 0x91, 0x41, 0x76, 0x41, 0x18, 0x97, 0x47, 0x48, 0x59, 0x41, 0x14, 0x94, 0x17, 0x21, 0x66,
    0x42, 0x52, 0x02, 0x39, 0x04, 0x83, 0x00, 0x48, 0x15, 0x35, 0x91, 0x96, 0x69, 0x22, 0x78, 0x73,
    0x17, 0x29, 0x74, 0x44, 0x91, 0x42, 0x37, 0x20, 0x13, 0x82, 0x79, 0x49, 0x16, 0x75, 0x51, 0x69,
    0x76, 0x74, 0x88, 0x41, 0x34, 0x97, 0x02, 0x75, 0x75, 0x53, 0x23, 0x87, 0x44, 0x84, 0x06, 0x03,
    0x62, 0x75, 0x29, 0x91, 0x08, 0x20, 0x78, 0x27, 0x21, 0x92, 0x35, 0x69, 0x24, 0x33, 0x13, 0x97,
    0x51, 0x30, 0x12, 0x96, 0x88, 0x95, 0x81, 0x30, 0x07, 0x94, 0x98, 0x07, 0x52, 0x70, 0x95, 0x31,
    0x56, 0x17, 0x44, 0x13, 0x33, 0x34, 0x05, 0x70, 0x76, 0x92, 0x19, 0x98, 0x72, 0x70, 0x68, 0x41,
    0x45, 0x38, 0x99, 0x64, 0x77, 0x42, 0x26, 0x07, 0x55, 0x41, 0x13, 0x91, 0x61, 0x57, 0x61, 0x18,
    0x81, 0x99, 0x78, 0x75, 0x97, 0x28, 0x87, 0x93, 0x80, 0x79, 0x00, 0x56, 0x01, 0x00, 0x73, 0x76,
    0x49, 0x92, 0x43, 0x53, 0x55, 0x82, 0x18, 0x80, 0x56, 0x98, 0x71, 0x60, 0x85, 0x27, 0x91, 0x15,
    0x39, 0x16, 0x98, 0x11, 0x28, 0x03, 0x32, 0x60, 0x34, 0x23, 0x91, 0x06, 0x02, 0x05, 0x81, 0x36,
    0x13, 0x38, 0x29, 0x12, 0x99, 0x17, 0x28, 0x66, 0x50, 0x01, 0x63, 0x09, 0x75, 0x11, 0x00, 0x36,
    0x41, 0x51, 0x70, 0x40, 0x57, 0x17, 0x80, 0x45, 0x31, 0x37, 0x07, 0x33, 0x84, 0x74, 0x36, 0x68,
    0x82, 0x79, 0x08, 0x17, 0x60, 0x15, 0x46, 0x94, 0x04, 0x87, 0x93, 0x43, 0x52, 0x10, 0x11, 0x73,
    0x85, 0x84, 0x49, 0x32, 0x65, 0x99, 0x18, 0x93, 0x64, 0x75, 0x56, 0x36, 0x74, 0x06, 0x63, 0x36,
    0x17, 0x45, 0x20, 0x65, 0x75, 0x73, 0x36, 0x99, 0x94, 0x80, 0x27, 0x55, 0x23, 0x58, 0x58, 0x78,
    0x49, 0x59, 0x64, 0x99, 0x36, 0x61, 0x25, 0x55, 0x81, 0x95, 0x78, 0x97, 0x01, 0x47, 0x44, 0x51,
    0x28, 0x78, 0x36, 0x09, 0x68, 0x86, 0x26, 0x04, 0x65, 0x02, 0x73, 0x17, 0x30, 0x75, 0x80, 0x22,
    0x91, 0x84, 0x64, 0x84, 0x23, 0x57, 0x05, 0x69, 0x16, 0x53, 0x15, 0x16, 0x68, 0x34, 0x60, 0x60,
    0x40, 0x37, 0x50, 0x82, 0x63, 0x40, 0x35, 0x10, 0x07, 0x96, 0x21, 0x23, 0x30, 0x62, 0x56, 0x75,
    0x35, 0x58, 0x57, 0x35, 0x85, 0x46, 0x01, 0x42, 0x65, 0x17, 0x41, 0x80, 0x37, 0x01, 0x09, 0x96,
    0x77, 0x47, 0x48, 0x97, 0x99, 0x65, 0x86, 0x68, 0x77, 0x70, 0x10, 0x88, 0x46, 0x70, 0x83, 0x18,
    0x26, 0x92, 0x38, 0x17, 0x18, 0x08, 0x19, 0x17, 0x23, 0x51, 0x29, 0x14, 0x00, 0x06, 0x89, 0x07,
    0x27, 0x92, 0x34, 0x45, 0x19, 0x52, 0x59, 0x37, 0x78, 0x86, 0x02, 0x83, 0x88, 0x89, 0x44, 0x98,
    0x79, 0x64, 0x47, 0x67, 0x18, 0x20, 0x27, 0x26, 0x53, 0x41, 0x21, 0x09, 0x39, 0x86, 0x22, 0x88,
    0x11, 0x05, 0x47, 0x09, 0x36, 0x68, 0x27, 0x03, 0x87, 0x28, 0x82, 0x80, 0x07, 0x46, 0x42, 0x68,
    0x89, 0x13, 0x99, 0x76, 0x91, 0x39, 0x01, 0x62, 0x45, 0x28, 0x39, 0x70, 0x48, 0x93, 0x35, 0x22,
    0x86, 0x00, 0x78, 0x83, 0x03, 0x49, 0x57, 0x87, 0x84, 0x70, 0x91, 0x08, 0x36, 0x18, 0x58, 0x16,
    0x54, 0x41, 0x87, 0x73, 0x24, 0x68, 0x00, 0x14, 0x16, 0x53, 0x47, 0x11, 0x62, 0x19, 0x99, 0x23,
    0x83, 0x98, 0x69, 0x29, 0x09, 0x90, 0x40, 0x50, 0x01, 0x30, 0x13, 0x38, 0x83, 0x12, 0x75, 0x77,
    0x97, 0x39, 0x28, 0x81, 0x20, 0x92, 0x33, 0x74, 0x07, 0x86, 0x12, 0x88, 0x28, 0x70, 0x34, 0x55,
    0x92, 0x68, 0x13, 0x55, 0x78, 0x87, 0x70, 0x99, 0x07, 0x51, 0x25, 0x92, 0x70, 0x90, 0x88, 0x34,
    0x28, 0x59, 0x18, 0x37, 0x80, 0x48, 0x02, 0x07, 0x40, 0x64, 0x61, 0x81, 0x00, 0x82, 0x13, 0x34,
    0x35, 0x44, 0x47, 0x14, 0x94, 0x98, 0x84, 0x82, 0x84, 0x83, 0x46, 0x43, 0x02, 0x47, 0x18, 0x97,
    0x40, 0x15, 0x12, 0x97, 0x92, 0x98, 0x92, 0x11, 0x92, 0x35, 0x68, 0x26, 0x01, 0x83, 0x32, 0x73,
    0x81, 0x97, 0x47, 0x89, 0x59, 0x35, 0x82, 0x13, 0x34, 0x60, 0x65, 0x46, 0x39, 0x60, 0x39, 0x54,
    0x63, 0x67, 0x02, 0x02, 0x35, 0x83, 0x38, 0x11, 0x73, 0x54, 0x34, 0x55, 0x60, 0x39, 0x33, 0x25,
    0x06, 0x45, 0x90, 0x57, 0x80, 0x60, 0x15, 0x05, 0x65, 0x09, 0x02, 0x81, 0x88, 0x07, 0x74, 0x33,
    0x25, 0x86, 0x21, 0x24, 0x36, 0x87, 0x64, 0x23, 0x28, 0x79, 0x70, 0x30, 0x48, 0x18, 0x24, 0x97,
    0x02, 0x21, 0x37, 0x66, 0x33, 0x86, 0x42, 0x99, 0x34, 0x71, 0x85, 0x14, 0x69, 0x10, 0x65, 0x02,
    0x50, 0x67, 0x08, 0x92, 0x75, 0x73, 0x60, 0x14, 0x36, 0x29, 0x63, 0x00, 0x65, 0x21, 0x72, 0x54,
    0x97, 0x03, 0x24, 0x17, 0x87, 0x91, 0x17, 0x28, 0x65, 0x15, 0x84, 0x64, 0x98, 0x85, 0x80, 0x39,
    0x87, 0x44, 0x66, 0x67, 0x12, 0x89, 0x75, 0x33, 0x02, 0x68, 0x04, 0x43, 0x61, 0x30, 0x85, 0x12,
    0x77, 0x61, 0x62, 0x05, 0x64, 0x65, 0x20, 0x97, 0x72, 0x64, 0x37, 0x09, 0x97, 0x44, 0x06, 0x45,
    0x58, 0x86, 0x48, 0x96, 0x25, 0x07, 0x69, 0x60, 0x11, 0x99, 0x72, 0x06, 0x59, 0x17, 0x00, 0x01,
    0x99, 0x06, 0x31, 0x81, 0x96, 0x71, 0x55, 0x39, 0x89, 0x96, 0x17, 0x15, 0x81, 0x49, 0x66, 0x40,
    0x01, 0x22, 0x31, 0x62, 0x33, 0x79, 0x26, 0x82, 0x74, 0x50, 0x49, 0x25, 0x17, 0x73, 0x15, 0x86,
    0x65, 0x02, 0x05, 0x47, 0x72, 0x65, 0x94, 0x28, 0x85, 0x17, 0x01, 0x10, 0x35, 0x93, 0x04, 0x01,
    0x30, 0x31, 0x04, 0x92, 0x35, 0x70, 0x07, 0x85, 0x35, 0x78, 0x59, 0x55, 0x66, 0x02, 0x65, 0x65,
    0x68, 0x43, 0x85, 0x31, 0x22, 0x06, 0x62, 0x49, 0x61, 0x89, 0x65, 0x51, 0x58, 0x76, 0x27, 0x54,
    0x19, 0x48, 0x27, 0x23, 0x67, 0x27, 0x88, 0x09, 0x04, 0x64, 0x10, 0x74, 0x72, 0x02, 0x50, 0x96,
    0x37, 0x72, 0x53, 0x57, 0x58, 0x21, 0x33, 0x88, 0x51, 0x23, 0x83, 0x81, 0x71, 0x69, 0x10, 0x32,
    0x40, 0x10, 0x27, 0x79, 0x53, 0x67, 0x10, 0x03, 0x41, 0x09, 0x51, 0x54, 0x16, 0x24, 0x17, 0x97,
    0x52, 0x50, 0x79, 0x01, 0x38, 0x18, 0x54, 0x59, 0x42, 0x76, 0x57, 0x05, 0x50, 0x76, 0x15, 0x46,
    0x04, 0x61, 0x78, 0x83, 0x99, 0x25, 0x34, 0x03, 0x91, 0x34, 0x47, 0x84, 0x91, 0x50, 0x92, 0x38,
    0x59, 0x85, 0x81, 0x24, 0x66, 0x99, 0x42, 0x93, 0x61, 0x03, 0x63, 0x10, 0x79, 0x97, 0x71, 0x07,
    0x86, 0x00, 0x79, 0x74, 0x38, 0x72, 0x66, 0x54, 0x35, 0x16, 0x46, 0x12, 0x73, 0x23, 0x49, 0x81,
    0x46, 0x39, 0x07, 0x20, 0x38, 0x35, 0x01, 0x36, 0x88, 0x96, 0x75, 0x16, 0x90, 0x79, 0x08, 0x18,
    0x23, 0x03, 0x80, 0x74, 0x16, 0x95, 0x06, 0x51, 0x25, 0x76, 0x65, 0x43, 0x92, 0x39, 0x44, 0x18,
    0x80, 0x26, 0x63, 0x51, 0x13, 0x60, 0x97, 0x44, 0x05, 0x38, 0x65, 0x97, 0x39, 0x38, 0x42, 0x25,
    0x21, 0x05, 0x40, 0x95, 0x61, 0x40, 0x45, 0x44, 0x28, 0x62, 0x55, 0x90, 0x32, 0x22, 0x20, 0x73,
    0x61, 0x92, 0x50, 0x40, 0x37, 0x77, 0x87, 0x31, 0x87, 0x82, 0x50, 0x95, 0x16, 0x53, 0x06, 0x29,
    0x38, 0x25, 0x70, 0x90, 0x02, 0x18, 0x89, 0x13, 0x56, 0x61, 0x10, 0x59, 0x07, 0x43, 0x99, 0x99,
    0x58, 0x89, 0x12, 0x75, 0x69, 0x83, 0x17, 0x54, 0x30, 0x79, 0x29, 0x81, 0x10, 0x61, 0x65, 0x82,
    0x51, 0x29, 0x00, 0x18, 0x89, 0x47, 0x24, 0x71, 0x32, 0x85, 0x08, 0x01, 0x74, 0x62, 0x59, 0x11,
    0x76, 0x16, 0x35, 0x96, 0x60, 0x53, 0x85, 0x10, 0x62, 0x40, 0x20, 0x85, 0x96, 0x97, 0x80, 0x52,
    0x53, 0x36, 0x88, 0x90, 0x95, 0x68, 0x14, 0x50, 0x55, 0x60, 0x97, 0x02, 0x16, 0x26, 0x70, 0x60,
    0x17, 0x08, 0x37, 0x09, 0x44, 0x03, 0x21, 0x43, 0x63, 0x00, 0x59, 0x36, 0x80, 0x18, 0x24, 0x94,
    0x39, 0x72, 0x21, 0x00, 0x05, 0x85, 0x14, 0x54, 0x92, 0x90, 0x73, 0x96, 0x40, 0x69, 0x07, 0x26,
    0x95, 0x90, 0x50, 0x60, 0x13, 0x07, 0x14, 0x16, 0x82, 0x61, 0x77, 0x77, 0x34, 0x60, 0x73, 0x07,
    0x52, 0x56, 0x06, 0x19, 0x75, 0x59, 0x68, 0x70, 0x74, 0x31, 0x92, 0x69, 0x83, 0x03, 0x12, 0x12,
    0x86, 0x89, 0x55, 0x98, 0x93, 0x44, 0x00, 0x50, 0x55, 0x01, 0x60, 0x75, 0x30, 0x95, 0x16, 0x15,
    0x94, 0x08, 0x22, 0x76, 0x40, 0x83, 0x12, 0x44, 0x33, 0x35, 0x78, 0x17, 0x51, 0x71, 0x06, 0x69,
    0x27, 0x91, 0x30, 0x21, 0x28, 0x40, 0x66, 0x61, 0x04, 0x85, 0x75, 0x57, 0x65, 0x45, 0x57, 0x57,
    0x07, 0x62, 0x61, 0x65, 0x04, 0x85, 0x55, 0x03, 0x45, 0x07, 0x97, 0x39, 0x59, 0x30, 0x80, 0x32,
    0x48, 0x74, 0x62, 0x85, 0x58, 0x72, 0x09, 0x94, 0x52, 0x54, 0x12, 0x75, 0x57, 0x59, 0x19, 0x94,
    0x15, 0x31, 0x65, 0x37, 0x25, 0x30, 0x10, 0x59, 0x94, 0x27, 0x44, 0x70, 0x25, 0x33, 0x52, 0x20,
    0x83, 0x01, 0x76, 0x72, 0x75, 0x04, 0x54, 0x23, 0x17, 0x82, 0x01, 0x54, 0x39, 0x70, 0x66, 0x19,
    0x99, 0x03, 0x83, 0x65, 0x59, 0x03, 0x25, 0x29, 0x86, 0x99, 0x62, 0x64, 0x36, 0x25, 0x02, 0x41,
    0x99, 0x94, 0x90, 0x51, 0x32, 0x33, 0x41, 0x35, 0x00, 0x41, 0x22, 0x11, 0x21, 0x84, 0x86, 0x42,
    0x99, 0x13, 0x76, 0x15, 0x81, 0x56, 0x04, 0x68, 0x62, 0x78, 0x32, 0x11, 0x51, 0x08, 0x44, 0x43,
    0x18, 0x16, 0x45, 0x16, 0x01, 0x43, 0x87, 0x45, 0x29, 0x33, 0x46, 0x64, 0x99, 0x50, 0x50, 0x20,
    0x55, 0x21, 0x11, 0x79, 0x33, 0x27, 0x40, 0x00, 0x91, 0x84, 0x37, 0x92, 0x51, 0x41, 0x24, 0x57,
    0x71, 0x20, 0x89, 0x03, 0x47, 0x11, 0x61, 0x47, 0x48, 0x35, 0x18, 0x74, 0x79, 0x99, 0x53, 0x25,
    0x31, 0x23, 0x44, 0x51, 0x93, 0x44, 0x04, 0x17, 0x51, 0x44, 0x19, 0x20, 0x03, 0x99, 0x91, 0x09,
    0x05, 0x58, 0x42, 0x20, 0x03, 0x57, 0x91, 0x42, 0x78, 0x29, 0x53, 0x36, 0x12, 0x86, 0x04, 0x25,
    0x32, 0x99, 0x27, 0x88, 0x60, 0x61, 0x98, 0x60, 0x99, 0x10, 0x68, 0x53, 0x87, 0x82, 0x35, 0x38,
    0x64, 0x11, 0x77, 0x48, 0x05, 0x09, 0x61, 0x31, 0x51, 0x29, 0x67, 0x79, 0x13, 0x75, 0x21, 0x29,
    0x85, 0x38, 0x17, 0x47, 0x16, 0x30, 0x85, 0x09, 0x72, 0x37, 0x37, 0x94, 0x47, 0x74, 0x68, 0x35,
    0x65, 0x45, 0x67, 0x73, 0x13, 0x16, 0x50, 0x29, 0x64, 0x05, 0x80, 0x25, 0x12, 0x76, 0x02, 0x38,
    0x33, 0x60, 0x72, 0x78, 0x73, 0x55, 0x78, 0x89, 0x53, 0x66, 0x07, 0x97, 0x58, 0x93, 0x50, 0x76,
    0x04, 0x35, 0x88, 0x31, 0x23, 0x68, 0x01, 0x97, 0x43, 0x19, 0x35, 0x34, 0x75, 0x43, 0x16, 0x67,
    0x19, 0x89, 0x20, 0x41, 0x97, 0x97, 0x92, 0x01, 0x80, 0x47, 0x80, 0x20, 0x28, 0x20, 0x63, 0x63,
    0x23, 0x65, 0x39, 0x90, 0x42, 0x53, 0x23, 0x13, 0x78, 0x82, 0x43, 0x88, 0x89, 0x37, 0x56, 0x68,
    0x43, 0x54, 0x44, 0x35, 0x20, 0x81, 0x58, 0x85, 0x02, 0x38, 0x67, 0x39, 0x17, 0x36, 0x04, 0x12,
    0x46, 0x22, 0x81, 0x21, 0x46, 0x18, 0x18, 0x85, 0x44, 0x41, 0x55, 0x90, 0x94, 0x12, 0x25, 0x32,
    0x87, 0x11, 0x26, 0x61, 0x71, 0x96, 0x74, 0x88, 0x51, 0x90, 0x50, 0x07, 0x89, 0x02, 0x33, 0x86,
    0x32, 0x46, 0x80, 0x04, 0x34, 0x66, 0x65, 0x90, 0x20, 0x31, 0x79, 0x37, 0x23, 0x11, 0x34, 0x07,
    0x14, 0x51, 0x77, 0x29, 0x49, 0x61, 0x35, 0x37, 0x92, 0x00, 0x55, 0x86, 0x48, 0x57, 0x86, 0x06,
    0x13, 0x97, 0x95, 0x17, 0x38, 0x93, 0x74, 0x54, 0x26, 0x08, 0x84, 0x45, 0x18, 0x99, 0x11, 0x84,
    0x53, 0x08, 0x37, 0x91, 0x63, 0x64, 0x13, 0x83, 0x38, 0x93, 0x20, 0x39, 0x75, 0x22, 0x75, 0x69,
    0x95, 0x59, 0x73, 0x99, 0x88, 0x80, 0x12, 0x89, 0x05, 0x26, 0x31, 0x39, 0x76, 0x94, 0x82, 0x42,
    0x82, 0x79, 0x55, 0x07, 0x77, 0x72, 0x65, 0x78, 0x03, 0x51, 0x90, 0x53, 0x02, 0x06, 0x63, 0x46,
    0x24, 0x30, 0x92, 0x59, 0x30, 0x03, 0x75, 0x08, 0x40, 0x33, 0x93, 0x36, 0x72, 0x01, 0x37, 0x63,
    0x64, 0x66, 0x94, 0x80, 0x23, 0x68, 0x68, 0x73, 0x89, 0x61, 0x01, 0x36, 0x03, 0x38, 0x76, 0x49,
    0x15, 0x19, 0x02, 0x17, 0x24, 0x07, 0x93, 0x77, 0x32, 0x33, 0x56, 0x56, 0x29, 0x17, 0x24, 0x38,
    0x04, 0x45, 0x45, 0x28, 0x24, 0x59, 0x42, 0x14, 0x06, 0x91, 0x31, 0x60, 0x42, 0x68, 0x61, 0x97,
    0x32, 0x69, 0x58, 0x59, 0x50, 0x06, 0x07, 0x28, 0x53, 0x09, 0x14, 0x73, 0x53, 0x79, 0x90, 0x84,
    0x42, 0x19, 0x76, 0x28, 0x98, 0x75, 0x37, 0x17, 0x39, 0x86, 0x28, 0x08, 0x71, 0x76, 0x50, 0x96,
    0x51, 0x71, 0x89, 0x73, 0x54, 0x74, 0x84, 0x71, 0x86, 0x90, 0x52, 0x38, 0x94, 0x57, 0x14, 0x13,
    0x05, 0x34, 0x29, 0x99, 0x05, 0x17, 0x47, 0x37, 0x27, 0x20, 0x30, 0x16, 0x09, 0x44, 0x71, 0x96,
    0x83, 0x52, 0x70, 0x27, 0x85, 0x77, 0x89, 0x52, 0x66, 0x35, 0x17, 0x32, 0x36, 0x11, 0x45, 0x76,
    0x08, 0x69, 0x62, 0x68, 0x58, 0x57, 0x97, 0x30, 0x65, 0x71, 0x53, 0x26, 0x20, 0x48, 0x63, 0x78,
    0x99, 0x33, 0x42, 0x38, 0x68, 0x69, 0x71, 0x34, 0x30, 0x90, 0x41, 0x56, 0x88, 0x85, 0x37, 0x01,
    0x70, 0x68, 0x36, 0x83, 0x63, 0x11, 0x01, 0x56, 0x38, 0x08, 0x75, 0x19, 0x08, 0x42, 0x23, 0x87,
    0x68, 0x06, 0x01, 0x71, 0x55, 0x06, 0x47, 0x25, 0x29, 0x79, 0x78, 0x72, 0x17, 0x84, 0x68, 0x34,
    0x68, 0x23, 0x29, 0x36, 0x17, 0x44, 0x70, 0x44, 0x70, 0x36, 0x89, 0x39, 0x00, 0x90, 0x87, 0x56,
    0x67, 0x43, 0x94, 0x68, 0x33, 0x22, 0x31, 0x81, 0x07, 0x43, 0x93, 0x93, 0x25, 0x29, 0x18, 0x30,
    0x52, 0x98, 0x97, 0x57, 0x86, 0x12, 0x53, 0x82, 0x64, 0x09, 0x96, 0x29, 0x68, 0x09, 0x64, 0x01,
    0x74, 0x30, 0x97, 0x49, 0x37, 0x39, 0x87, 0x63, 0x90, 0x85, 0x29, 0x24, 0x57, 0x84, 0x50, 0x19,
    0x19, 0x96, 0x18, 0x98, 0x55, 0x29, 0x22, 0x58, 0x31, 0x64, 0x01, 0x82, 0x82, 0x85, 0x83, 0x72,
    0x91, 0x30, 0x71, 0x16, 0x45, 0x85, 0x26, 0x50, 0x79, 0x39, 0x97, 0x79, 0x39, 0x57, 0x70, 0x58,
    0x66, 0x56, 0x09, 0x79, 0x60, 0x29, 0x84, 0x50, 0x03, 0x98, 0x98, 0x06, 0x83, 0x09, 0x60, 0x49,
    0x30, 0x88, 0x52, 0x03, 0x97, 0x05, 0x35, 0x84, 0x39, 0x96, 0x58, 0x50, 0x83, 0x45, 0x39, 0x17,
    0x45, 0x26, 0x34, 0x77, 0x32, 0x21, 0x87, 0x17, 0x08, 0x14, 0x20, 0x59, 0x19, 0x02, 0x00, 0x66,
    0x94, 0x51, 0x08, 0x49, 0x91, 0x28, 0x31, 0x10, 0x78, 0x20, 0x31, 0x88, 0x46, 0x86, 0x38, 0x60,
    0x08, 0x38, 0x63, 0x75, 0x35, 0x93, 0x97, 0x48, 0x12, 0x37, 0x73, 0x36, 0x25, 0x51, 0x50, 0x50,
    0x18, 0x10, 0x97, 0x35, 0x33, 0x95, 0x41, 0x19, 0x59, 0x33, 0x88, 0x49, 0x96, 0x68, 0x26, 0x28,
    0x26, 0x59, 0x69, 0x31, 0x57, 0x04, 0x77, 0x00, 0x11, 0x12, 0x50, 0x06, 0x89, 0x99, 0x92, 0x05,
    0x87, 0x31, 0x68, 0x37, 0x65, 0x46, 0x00, 0x53, 0x64, 0x80, 0x18, 0x02, 0x07, 0x19, 0x39, 0x85,
    0x22, 0x23, 0x73, 0x57, 0x13, 0x24, 0x20, 0x53, 0x57, 0x56, 0x11, 0x41, 0x83, 0x25, 0x88, 0x97,
    0x04, 0x93, 0x69, 0x23, 0x87, 0x79, 0x46, 0x14, 0x13, 0x20, 0x65, 0x64, 0x46, 0x34, 0x52, 0x26,
    0x94, 0x83, 0x30, 0x71, 0x13, 0x15, 0x95, 0x03, 0x06, 0x51, 0x18, 0x26, 0x45, 0x06, 0x98, 0x81,
    0x10, 0x05, 0x45, 0x30, 0x33, 0x47, 0x45, 0x03, 0x46, 0x25, 0x61, 0x80, 0x29, 0x88, 0x59, 0x49,
    0x92, 0x50, 0x16, 0x91, 0x73, 0x84, 0x85, 0x00, 0x12, 0x26, 0x31, 0x44, 0x26, 0x66, 0x10, 0x55,
    0x07, 0x76, 0x70, 0x83, 0x41, 0x83, 0x84, 0x77, 0x06, 0x83, 0x05, 0x31, 0x95, 0x21, 0x04, 0x37,
    0x87, 0x86, 0x55, 0x25, 0x78, 0x99, 0x10, 0x07, 0x99, 0x04, 0x03, 0x40, 0x34, 0x78, 0x91, 0x54,
    0x53, 0x60, 0x66, 0x80, 0x89, 0x68, 0x26, 0x80, 0x24, 0x27, 0x39, 0x20, 0x93, 0x96, 0x04, 0x52,
    0x72, 0x17, 0x95, 0x30, 0x81, 0x82, 0x50, 0x95, 0x49, 0x66, 0x64, 0x51, 0x64, 0x44, 0x60, 0x16,
    0x77, 0x03, 0x21, 0x58, 0x37, 0x28, 0x72, 0x30, 0x62, 0x14, 0x89, 0x11, 0x00, 0x60, 0x67, 0x01,
    0x21, 0x22, 0x90, 0x52, 0x54, 0x90, 0x18, 0x34, 0x40, 0x34, 0x96, 0x65, 0x24, 0x97, 0x48, 0x27,
    0x47, 0x62, 0x29, 0x75, 0x31, 0x46, 0x96, 0x90, 0x25, 0x74, 0x25, 0x65, 0x51, 0x24, 0x71, 0x40,
    0x31, 0x64, 0x41, 0x39, 0x24, 0x08, 0x67, 0x58, 0x14, 0x55, 0x71, 0x43, 0x42, 0x16, 0x01, 0x20,
    0x56, 0x02, 0x30, 0x57, 0x97, 0x39, 0x05, 0x49, 0x09, 0x09, 0x37, 0x87, 0x14, 0x45, 0x59, 0x85,
    0x17, 0x91, 0x67, 0x05, 0x53, 0x48, 0x40, 0x39, 0x83, 0x89, 0x71, 0x23, 0x94, 0x65, 0x47, 0x12,
    0x94, 0x95, 0x02, 0x72, 0x26, 0x80, 0x40, 0x42, 0x63, 0x98, 0x19, 0x76, 0x32, 0x87, 0x48, 0x07,
    0x87, 0x72, 0x05, 0x34, 0x29, 0x85, 0x95, 0x06, 0x78, 0x00, 0x31, 0x81, 0x30, 0x48, 0x23, 0x73,
    0x74, 0x44, 0x15, 0x90, 0x62, 0x48, 0x19, 0x29, 0x07, 0x10, 0x97, 0x64, 0x53, 0x93, 0x23, 0x16,
    0x66, 0x97, 0x81, 0x02, 0x51, 0x55, 0x25, 0x32, 0x90, 0x65, 0x59, 0x72, 0x45, 0x75, 0x70, 0x60,
    0x35, 0x11, 0x56, 0x07, 0x42, 0x98, 0x38, 0x84, 0x40, 0x35, 0x70, 0x55, 0x49, 0x92, 0x73, 0x16,
    0x26, 0x32, 0x36, 0x77, 0x87, 0x55, 0x74, 0x77, 0x23, 0x04, 0x73, 0x46, 0x33, 0x03, 0x52, 0x88,
    0x69, 0x97, 0x09, 0x90, 0x27, 0x98, 0x18, 0x67, 0x85, 0x72, 0x28, 0x07, 0x64, 0x85, 0x17, 0x60,
    0x86, 0x64, 0x82, 0x31, 0x36, 0x22, 0x25, 0x92, 0x69, 0x77, 0x93, 0x01, 0x05, 0x19, 0x83, 0x18,
    0x53, 0x11, 0x51, 0x01, 0x40, 0x60, 0x75, 0x29, 0x00, 0x41, 0x27, 0x26, 0x49, 0x40, 0x34, 0x78,
    0x60, 0x35, 0x41, 0x49, 0x46, 0x18, 0x46, 0x25, 0x64, 0x16, 0x71, 0x77, 0x09, 0x48, 0x03, 0x61,
    0x58, 0x98, 0x44, 0x05, 0x09, 0x02, 0x69, 0x91, 0x79, 0x13, 0x61, 0x39, 0x19, 0x41, 0x19, 0x94,
    0x67, 0x89, 0x81, 0x05, 0x44, 0x60, 0x77, 0x54, 0x56, 0x03, 0x29, 0x87, 0x74, 0x98, 0x08, 0x57,
    0x80, 0x38, 0x31, 0x12, 0x38, 0x50, 0x28, 0x31, 0x49, 0x52, 0x77, 0x15, 0x12, 0x46, 0x79, 0x46,
    0x55, 0x93, 0x44, 0x10, 0x42, 0x17, 0x86, 0x93, 0x61, 0x15, 0x12, 0x34, 0x72, 0x53, 0x02, 0x11,
    0x74, 0x28, 0x46, 0x44, 0x99, 0x03, 0x04, 0x17, 0x35, 0x25, 0x46, 0x16, 0x40, 0x51, 0x58, 0x75,
    0x64, 0x81, 0x38, 0x43, 0x23, 0x71, 0x40, 0x22, 0x58, 0x05, 0x81, 0x82, 0x13, 0x69, 0x76, 0x89,
    0x43, 0x05, 0x89, 0x03, 0x54, 0x47, 0x65, 0x77, 0x63, 0x89, 0x79, 0x08, 0x44, 0x56, 0x68, 0x29,
    0x03, 0x46, 0x29, 0x02, 0x78, 0x69, 0x93, 0x97, 0x46, 0x15, 0x34, 0x37, 0x73, 0x38, 0x69, 0x13,
    0x65, 0x69, 0x87, 0x29, 0x13, 0x90, 0x70, 0x27, 0x95, 0x08, 0x07, 0x38, 0x73, 0x61, 0x76, 0x72,
    0x31, 0x28, 0x01, 0x93, 0x19, 0x67, 0x67, 0x10, 0x86, 0x97, 0x00, 0x17, 0x75, 0x64, 0x90, 0x47,
    0x79, 0x84, 0x80, 0x94, 0x33, 0x50, 0x02, 0x16, 0x23, 0x84, 0x27, 0x88, 0x16, 0x95, 0x21, 0x82,
    0x71, 0x25, 0x59, 0x40, 0x36, 0x59, 0x18, 0x99, 0x91, 0x93, 0x10, 0x28, 0x89, 0x06, 0x73, 0x07,
    0x14, 0x61, 0x87, 0x08, 0x33, 0x71, 0x43, 0x90, 0x77, 0x23, 0x35, 0x44, 0x83, 0x27, 0x74, 0x50,
    0x94, 0x62, 0x98, 0x67, 0x54, 0x47, 0x65, 0x54, 0x04, 0x17, 0x22, 0x24, 0x62, 0x83, 0x46, 0x82,
    0x16, 0x87, 0x96, 0x83, 0x84, 0x11, 0x22, 0x05, 0x41, 0x38, 0x92, 0x03, 0x35, 0x13, 0x45, 0x37,
    0x64, 0x64, 0x81, 0x82, 0x77, 0x57, 0x14, 0x52, 0x46, 0x83, 0x55, 0x44, 0x67, 0x52, 0x48, 0x12,
    0x31, 0x97, 0x78, 0x53, 0x72, 0x05, 0x33, 0x95, 0x61, 0x54, 0x35, 0x95, 0x57, 0x69, 0x07, 0x69,
    0x49, 0x01, 0x57, 0x46, 0x84, 0x59, 0x22, 0x42, 0x78, 0x74, 0x88, 0x75, 0x41, 0x07, 0x57, 0x91,
    0x13, 0x87, 0x05, 0x97, 0x38, 0x14, 0x58, 0x42, 0x10, 0x13, 0x48, 0x37, 0x85, 0x37, 0x70, 0x66,
    0x10, 0x46, 0x78, 0x28, 0x84, 0x58, 0x94, 0x06, 0x61, 0x29, 0x20, 0x14, 0x00, 0x96, 0x42, 0x49,
    0x27, 0x27, 0x88, 0x35, 0x22, 0x73, 0x26, 0x04, 0x08, 0x41, 0x50, 0x49, 0x86, 0x98, 0x35, 0x86,
    0x61, 0x57, 0x93, 0x91, 0x46, 0x72, 0x30, 0x35, 0x36, 0x39, 0x95, 0x57, 0x12, 0x02, 0x89, 0x20,
    0x78, 0x32, 0x96, 0x35, 0x61, 0x32, 0x69, 0x64, 0x52, 0x00, 0x83, 0x96, 0x28, 0x83, 0x64, 0x80,
    0x16, 0x84, 0x88, 0x16, 0x72, 0x43, 0x59, 0x47, 0x77, 0x08, 0x47, 0x89, 0x29, 0x61, 0x60, 0x79,
    0x71, 0x40, 0x06, 0x11, 0x56, 0x33, 0x26, 0x66, 0x18, 0x04, 0x79, 0x21, 0x13, 0x18, 0x60, 0x36,
    0x59, 0x99, 0x60, 0x01, 0x64, 0x02, 0x57, 0x19, 0x45, 0x47, 0x85, 0x45, 0x62, 0x35, 0x42, 0x08,
    0x15, 0x77, 0x17, 0x16, 0x05, 0x70, 0x59, 0x52, 0x30, 0x85, 0x98, 0x50, 0x45, 0x57, 0x30, 0x71,
    0x75, 0x40, 0x18, 0x01, 0x32, 0x72, 0x05, 0x14, 0x12, 0x20, 0x34, 0x82, 0x88, 0x18, 0x82, 0x74,
    0x73, 0x03, 0x94, 0x85, 0x91, 0x35, 0x61, 0x69, 0x90, 0x88, 0x30, 0x79, 0x74, 0x69, 0x22, 0x33,
    0x18, 0x45, 0x28, 0x40, 0x15, 0x21, 0x54, 0x99, 0x16, 0x19, 0x40, 0x49, 0x41, 0x76, 0x33, 0x66,
    0x91, 0x75, 0x30, 0x28, 0x03, 0x56, 0x52, 0x65, 0x06, 0x79, 0x05, 0x66, 0x97, 0x57, 0x08, 0x00,
    0x39, 0x18, 0x43, 0x62, 0x87, 0x13, 0x79, 0x10, 0x67, 0x39, 0x66, 0x13, 0x60, 0x79, 0x38, 0x79,
    0x83, 0x79, 0x09, 0x83, 0x08, 0x34, 0x39, 0x11, 0x45, 0x33, 0x25, 0x40, 0x74, 0x65, 0x79, 0x88,
    0x60, 0x49, 0x35, 0x52, 0x47, 0x11, 0x56, 0x22, 0x00, 0x88, 0x17, 0x25, 0x65, 0x71, 0x46, 0x88,
    0x41, 0x97, 0x18, 0x48, 0x06, 0x53, 0x85, 0x19, 0x63, 0x44, 0x34, 0x03, 0x84, 0x66, 0x12, 0x10,
    0x59, 0x29, 0x49, 0x63, 0x77, 0x70, 0x94, 0x45, 0x43, 0x88, 0x79, 0x11, 0x50, 0x01, 0x38, 0x90,
    0x22, 0x29, 0x58, 0x63, 0x44, 0x20, 0x05, 0x48, 0x44, 0x65, 0x25, 0x65, 0x46, 0x21, 0x00, 0x92,
    0x71, 0x56, 0x84, 0x77, 0x79, 0x84, 0x13, 0x13, 0x92, 0x84, 0x06, 0x68, 0x81, 0x07, 0x11, 0x10,
    0x87, 0x73, 0x43, 0x51, 0x92, 0x54, 0x49, 0x92, 0x83, 0x99, 0x38, 0x57, 0x80, 0x71, 0x94, 0x53,
    0x12, 0x83, 0x52, 0x98, 0x14, 0x88, 0x21, 0x96, 0x30, 0x64, 0x78, 0x76, 0x69, 0x78, 0x39, 0x18,
    0x24, 0x66, 0x51, 0x13, 0x96, 0x91, 0x89, 0x84, 0x06, 0x98, 0x24, 0x60, 0x06, 0x86, 0x22, 0x09,
    0x75, 0x26, 0x12, 0x23, 0x48, 0x33, 0x29, 0x60, 0x83, 0x13, 0x49, 0x96, 0x31, 0x42, 0x59, 0x51,
    0x20, 0x28, 0x24, 0x54, 0x06, 0x52, 0x97, 0x36, 0x77, 0x38, 0x39, 0x74, 0x84, 0x40, 0x36, 0x32,
    0x29, 0x49, 0x32, 0x81, 0x28, 0x44, 0x30, 0x98, 0x89, 0x32, 0x57, 0x48, 0x58, 0x06, 0x40, 0x91,
    0x34, 0x57, 0x21, 0x63, 0x18, 0x31, 0x93, 0x91, 0x49, 0x00, 0x71, 0x02, 0x44, 0x01, 0x73, 0x72,
    0x96, 0x50, 0x27, 0x02, 0x99, 0x93, 0x95, 0x53, 0x77, 0x13, 0x06, 0x23, 0x60, 0x56, 0x24, 0x75,
    0x30, 0x98, 0x30, 0x02, 0x94, 0x26, 0x64, 0x07, 0x44, 0x34, 0x69, 0x84, 0x21, 0x31, 0x79, 0x44,
    0x45, 0x02, 0x83, 0x84, 0x27, 0x18, 0x99, 0x38, 0x98, 0x42, 0x37, 0x68, 0x05, 0x68, 0x69, 0x25,
    0x91, 0x79, 0x74, 0x98, 0x49, 0x83, 0x93, 0x41, 0x85, 0x16, 0x01, 0x56, 0x85, 0x70, 0x30, 0x63,
    0x08, 0x68, 0x14, 0x75, 0x52, 0x27, 0x73, 0x36, 0x50, 0x26, 0x65, 0x86, 0x90, 0x72, 0x72, 0x73,
    0x55, 0x31, 0x50, 0x25, 0x21, 0x44, 0x08, 0x17, 0x66, 0x72, 0x72, 0x28, 0x55, 0x78, 0x07, 0x97,
    0x43, 0x36, 0x82, 0x09, 0x45, 0x21, 0x91, 0x10, 0x07, 0x68, 0x74, 0x69, 0x91, 0x51, 0x34, 0x27,
    0x99, 0x44, 0x91, 0x40, 0x03, 0x78, 0x75, 0x24, 0x69, 0x51, 0x18, 0x74, 0x77, 0x16, 0x27, 0x60,
    0x55, 0x14, 0x17, 0x12, 0x11, 0x12, 0x65, 0x88, 0x88, 0x04, 0x59, 0x54, 0x17, 0x51, 0x30, 0x82,
    0x47, 0x95, 0x14, 0x56, 0x04, 0x43, 0x35, 0x60, 0x11, 0x07, 0x67, 0x60, 0x15, 0x03, 0x07, 0x01,
    0x63, 0x18, 0x29, 0x97, 0x90, 0x45, 0x09, 0x28, 0x23, 0x10, 0x65, 0x14, 0x97, 0x92, 0x48, 0x39,
    0x26, 0x22, 0x95, 0x60, 0x81, 0x70, 0x81, 0x58, 0x09, 0x41, 0x79, 0x02, 0x12, 0x38, 0x96, 0x93,
    0x61, 0x31, 0x87, 0x81, 0x93, 0x96, 0x65, 0x10, 0x11, 0x77, 0x81, 0x55, 0x51, 0x86, 0x62, 0x24,
    0x74, 0x00, 0x76, 0x14, 0x19, 0x27, 0x93, 0x48, 0x02, 0x08, 0x01, 0x55, 0x71, 0x89, 0x41, 0x44,
    0x20, 0x38, 0x96, 0x34, 0x56, 0x48, 0x36, 0x92, 0x31, 0x68, 0x87, 0x98, 0x49, 0x32, 0x70, 0x16,
    0x24, 0x52, 0x19, 0x37, 0x29, 0x41, 0x17, 0x28, 0x01, 0x89, 0x53, 0x95, 0x80, 0x21, 0x92, 0x89,
    0x07, 0x56, 0x06, 0x73, 0x71, 0x73, 0x34, 0x30, 0x69, 0x77, 0x45, 0x96, 0x29, 0x40, 0x75, 0x96,
    0x16, 0x47, 0x75, 0x05, 0x74, 0x84, 0x55, 0x54, 0x41, 0x50, 0x93, 0x93, 0x77, 0x97, 0x06, 0x70,
    0x07, 0x00, 0x23, 0x13, 0x36, 0x58, 0x31, 0x30, 0x23, 0x04, 0x89, 0x86, 0x93, 0x57, 0x82, 0x80,
    0x06, 0x11, 0x26, 0x65, 0x16, 0x07, 0x60, 0x85, 0x60, 0x75, 0x16, 0x42, 0x78, 0x23, 0x04, 0x03,
    0x02, 0x00, 0x60, 0x06, 0x36, 0x98, 0x95, 0x77, 0x64, 0x49, 0x80, 0x87, 0x69, 0x12, 0x69, 0x25,
    0x72, 0x09, 0x82, 0x34, 0x23, 0x28, 0x10, 0x19, 0x08, 0x82, 0x20, 0x26, 0x03, 0x84, 0x00, 0x60,
    0x68, 0x94, 0x14, 0x86, 0x99, 0x19, 0x27, 0x19, 0x78, 0x23, 0x91, 0x49, 0x72, 0x13, 0x27, 0x17,
    0x82, 0x77, 0x11, 0x06, 0x35, 0x65, 0x32, 0x70, 0x66, 0x58, 0x11, 0x42, 0x03, 0x07, 0x62, 0x68,
    0x83, 0x21, 0x40, 0x36, 0x00, 0x84, 0x07, 0x38, 0x02, 0x33, 0x71, 0x01, 0x69, 0x95, 0x69, 0x43,
    0x50, 0x08, 0x86, 0x13, 0x58, 0x38, 0x35, 0x55, 0x53, 0x14, 0x75, 0x79, 0x00, 0x58, 0x82, 0x75,
    0x21, 0x65, 0x09, 0x86, 0x17, 0x41, 0x47, 0x34, 0x78, 0x20, 0x14, 0x93, 0x85, 0x42, 0x64, 0x84,
    0x35, 0x20, 0x90, 0x31, 0x75, 0x32, 0x97, 0x09, 0x79, 0x82, 0x98, 0x49, 0x62, 0x79, 0x41, 0x58,
    0x84, 0x25, 0x71, 0x40, 0x62, 0x73, 0x59, 0x95, 0x82, 0x52, 0x85, 0x87, 0x61, 0x59, 0x18, 0x74,
    0x99, 0x81, 0x42, 0x10, 0x08, 0x40, 0x03, 0x43, 0x29, 0x35, 0x69, 0x80, 0x47, 0x89, 0x37, 0x12,
    0x56, 0x93, 0x94, 0x04, 0x04, 0x12, 0x39, 0x58, 0x87, 0x83, 0x46, 0x15, 0x44, 0x26, 0x70, 0x35,
    0x47, 0x31, 0x46, 0x05, 0x98, 0x68, 0x07, 0x57, 0x82, 0x39, 0x30, 0x54, 0x82, 0x51, 0x47, 0x58,
    0x51, 0x30, 0x54, 0x63, 0x99, 0x02, 0x79, 0x61, 0x46, 0x98, 0x63, 0x65, 0x29, 0x25, 0x13, 0x90,
    0x24, 0x45, 0x43, 0x92, 0x28, 0x01, 0x84, 0x57, 0x45, 0x62, 0x26, 0x98, 0x35, 0x59, 0x14, 0x21,
    0x88, 0x27, 0x11, 0x69, 0x10, 0x64, 0x62, 0x34, 0x69, 0x62, 0x94, 0x85, 0x61, 0x81, 0x86, 0x20,
    0x35, 0x01, 0x79, 0x64, 0x83, 0x78, 0x57, 0x77, 0x53, 0x57, 0x67, 0x99, 0x87, 0x64, 0x28, 0x61,
    0x61, 0x27, 0x65, 0x99, 0x08, 0x05, 0x88, 0x37, 0x04, 0x53, 0x41, 0x64, 0x60, 0x70, 0x31, 0x23,
    0x73, 0x78, 0x53, 0x05, 0x61, 0x66, 0x10, 0x81, 0x68, 0x71, 0x24, 0x97, 0x04, 0x92, 0x95, 0x21,
    0x43, 0x06, 0x36, 0x87, 0x72, 0x40, 0x02, 0x82, 0x58, 0x77, 0x24, 0x23, 0x03, 0x49, 0x98, 0x58,
    0x08, 0x16, 0x17, 0x59, 0x96, 0x04, 0x79, 0x96, 0x62, 0x01, 0x67, 0x65, 0x24, 0x75, 0x71, 0x89,
    0x23, 0x63, 0x08, 0x72, 0x76, 0x07, 0x90, 0x39, 0x26, 0x38, 0x05, 0x61, 0x52, 0x22, 0x64, 0x70,
    0x53, 0x71, 0x80, 0x38, 0x57, 0x95, 0x30, 0x59, 0x37, 0x57, 0x52, 0x58, 0x61, 0x77, 0x44, 0x28,
    0x65, 0x87, 0x85, 0x52, 0x56, 0x11, 0x93, 0x00, 0x95, 0x65, 0x25, 0x85, 0x55, 0x16, 0x04, 0x35,
    0x58, 0x11, 0x32, 0x93, 0x42, 0x81, 0x30, 0x18, 0x87, 0x21, 0x68, 0x11, 0x86, 0x18, 0x33, 0x10,
    0x73, 0x03, 0x91, 0x42, 0x31, 0x48, 0x40, 0x62, 0x92, 0x92, 0x95, 0x71, 0x99, 0x53, 0x70, 0x03,
    0x57, 0x47, 0x56, 0x83, 0x29, 0x71, 0x14, 0x36, 0x05, 0x32, 0x02, 0x81, 0x53, 0x13, 0x90, 0x26,
    0x03, 0x14, 0x31, 0x86, 0x86, 0x42, 0x09, 0x81, 0x63, 0x36, 0x82, 0x31, 0x00, 0x01, 0x67, 0x32,
    0x53, 0x77, 0x54, 0x10, 0x72, 0x09, 0x47, 0x43, 0x51, 0x36, 0x87, 0x84, 0x32, 0x74, 0x67, 0x17,
    0x11, 0x27, 0x32, 0x73, 0x46, 0x67, 0x43, 0x00, 0x39, 0x73, 0x61, 0x30, 0x26, 0x28, 0x39, 0x11,
    0x04, 0x95, 0x83, 0x40, 0x06, 0x14, 0x52, 0x56, 0x33, 0x35, 0x10, 0x20, 0x48, 0x88, 0x87, 0x57,
    0x16, 0x06, 0x56, 0x96, 0x07, 0x08, 0x92, 0x06, 0x67, 0x18, 0x13, 0x07, 0x20, 0x53, 0x22, 0x55,
    0x66, 0x19, 0x66, 0x87, 0x43, 0x61, 0x34, 0x16, 0x05, 0x13, 0x08, 0x32, 0x68, 0x53, 0x18, 0x35,
    0x52, 0x50, 0x35, 0x15, 0x71, 0x64, 0x66, 0x93, 0x05, 0x20, 0x08, 0x70, 0x57, 0x51, 0x74, 0x74,
    0x86, 0x43, 0x47, 0x59, 0x43, 0x09, 0x93, 0x60, 0x38, 0x67, 0x24, 0x83, 0x90, 0x60, 0x12, 0x58,
    0x91, 0x31, 0x12, 0x21, 0x25, 0x14, 0x94, 0x69, 0x20, 0x68, 0x69, 0x21, 0x68, 0x77, 0x35, 0x40,
    0x90, 0x98, 0x91, 0x47, 0x24, 0x18, 0x91, 0x84, 0x63, 0x60, 0x71, 0x98, 0x26, 0x87, 0x52, 0x02,
    0x53, 0x86, 0x61, 0x39, 0x86, 0x74, 0x69, 0x40, 0x03, 0x11, 0x45, 0x01, 0x27, 0x50, 0x78, 0x49,
    0x79, 0x14, 0x76, 0x65, 0x78, 0x77, 0x44, 0x01, 0x29, 0x25, 0x73, 0x49, 0x86, 0x68, 0x41, 0x19,
    0x88, 0x66, 0x35, 0x42, 0x80, 0x53, 0x39, 0x49, 0x14, 0x60, 0x11, 0x65, 0x83, 0x85, 0x76, 0x34,
    0x75, 0x28, 0x93, 0x95, 0x18, 0x53, 0x23, 0x59, 0x16, 0x41, 0x81, 0x43, 0x27, 0x70, 0x57, 0x37,
    0x13, 0x65, 0x13, 0x11, 0x59, 0x87, 0x70, 0x09, 0x56, 0x09, 0x98, 0x63, 0x94, 0x77, 0x24, 0x52,
    0x39, 0x75, 0x35, 0x45, 0x34, 0x61, 0x00, 0x38, 0x58, 0x42, 0x03, 0x77, 0x21, 0x68, 0x88, 0x56,
    0x85, 0x04, 0x13, 0x55, 0x55, 0x10, 0x58, 0x72, 0x46, 0x96, 0x12, 0x06, 0x79, 0x27, 0x91, 0x19,
    0x92, 0x04, 0x74, 0x24, 0x25, 0x53, 0x39, 0x40, 0x47, 0x64, 0x54, 0x35, 0x91, 0x83, 0x05, 0x37,
    0x24, 0x38, 0x83, 0x77, 0x83, 0x68, 0x65, 0x36, 0x79, 0x60, 0x60, 0x81, 0x77, 0x86, 0x85, 0x38,
    0x59, 0x03, 0x44, 0x07, 0x01, 0x85, 0x38, 0x06, 0x63, 0x29, 0x54, 0x48, 0x07, 0x52, 0x33, 0x18,
    0x19, 0x77, 0x25, 0x48, 0x14, 0x34, 0x94, 0x82, 0x06, 0x61, 0x09, 0x08, 0x42, 0x90, 0x70, 0x41,
    0x99, 0x61, 0x84, 0x58, 0x26, 0x94, 0x70, 0x96, 0x99, 0x36, 0x98, 0x56, 0x32, 0x82, 0x55, 0x09,
    0x92, 0x83, 0x58, 0x85, 0x79, 0x58, 0x86, 0x65, 0x94, 0x56, 0x38, 0x70, 0x45, 0x18, 0x20, 0x19,
    0x99, 0x11, 0x91, 0x72, 0x64, 0x98, 0x60, 0x50, 0x92, 0x58, 0x12, 0x03, 0x12, 0x05, 0x39, 0x35,
    0x56, 0x01, 0x39, 0x05, 0x99, 0x89, 0x88, 0x08, 0x65, 0x38, 0x47, 0x06, 0x19, 0x03, 0x91, 0x42,
    0x07, 0x99, 0x01, 0x30, 0x46, 0x67, 0x93, 0x89, 0x49, 0x69, 0x02, 0x32, 0x64, 0x50, 0x30, 0x55,
    0x59, 0x83, 0x23, 0x32, 0x44, 0x91, 0x71, 0x78, 0x70, 0x88, 0x59, 0x21, 0x23, 0x69, 0x73, 0x20,
    0x01, 0x21, 0x51, 0x11, 0x65, 0x34, 0x56, 0x32, 0x73, 0x16, 0x12, 0x51, 0x00, 0x74, 0x98, 0x34,
    0x26, 0x73, 0x68, 0x84, 0x95, 0x19, 0x89, 0x27, 0x10, 0x49, 0x71, 0x53, 0x90, 0x43, 0x59, 0x81,
    0x20, 0x28, 0x49, 0x33, 0x42, 0x19, 0x97, 0x71, 0x94, 0x51, 0x64, 0x51, 0x74, 0x74, 0x79, 0x13,
    0x72, 0x50, 0x00, 0x38, 0x65, 0x79, 0x62, 0x65, 0x80, 0x04, 0x17, 0x82, 0x02, 0x79, 0x20, 0x18,
    0x55, 0x47, 0x40, 0x81, 0x87, 0x31, 0x27, 0x71, 0x56, 0x86, 0x98, 0x27, 0x26, 0x22, 0x03, 0x30,
    0x68, 0x65, 0x78, 0x27, 0x95, 0x24, 0x38, 0x63, 0x11, 0x91, 0x44, 0x12, 0x34, 0x30, 0x76, 0x51,
    0x25, 0x74, 0x23, 0x03, 0x39, 0x53, 0x27, 0x51, 0x98, 0x49, 0x44, 0x73, 0x00, 0x57, 0x85, 0x49,
    0x18, 0x75, 0x80, 0x50, 0x99, 0x08, 0x04, 0x93, 0x61, 0x23, 0x44, 0x62, 0x98, 0x03, 0x17, 0x72,
    0x68, 0x42, 0x26, 0x52, 0x91, 0x62, 0x84, 0x07, 0x06, 0x08, 0x33, 0x24, 0x21, 0x84, 0x15, 0x83,
    0x22, 0x07, 0x02, 0x21, 0x39, 0x18, 0x45, 0x44, 0x44, 0x70, 0x10, 0x49, 0x88, 0x05, 0x05, 0x88,
    0x05, 0x67, 0x48, 0x18, 0x31, 0x40, 0x43, 0x85, 0x22, 0x12, 0x89, 0x41, 0x25, 0x51, 0x41, 0x46,
    0x38, 0x45, 0x70, 0x85, 0x51, 0x51, 0x91, 0x69, 0x41, 0x68, 0x86, 0x56, 0x27, 0x66, 0x70, 0x85,
    0x26, 0x11, 0x89, 0x29, 0x81, 0x06, 0x46, 0x59, 0x61, 0x19, 0x18, 0x53, 0x18, 0x39, 0x07, 0x25,
    0x18, 0x08, 0x12, 0x12, 0x64, 0x34, 0x55, 0x43, 0x31, 0x60, 0x85, 0x15, 0x49, 0x41, 0x04, 0x54,
    0x19, 0x20, 0x71, 0x60, 0x61, 0x01, 0x75, 0x94, 0x47, 0x62, 0x16, 0x72, 0x46, 0x39, 0x62, 0x66,
    0x50, 0x76, 0x41, 0x58, 0x00, 0x67, 0x29, 0x67, 0x51, 0x25, 0x94, 0x60, 0x37, 0x10, 0x39, 0x40,
    0x55, 0x91, 0x53, 0x63, 0x18, 0x48, 0x42, 0x68, 0x05, 0x77, 0x52, 0x32, 0x01, 0x91, 0x66, 0x56,
    0x28, 0x58, 0x15, 0x22, 0x43, 0x73, 0x18, 0x88, 0x12, 0x07, 0x67, 0x36, 0x65, 0x90, 0x13, 0x04,
    0x26, 0x97, 0x99, 0x47, 0x63, 0x44, 0x84, 0x47, 0x76, 0x23, 0x56, 0x35, 0x25, 0x90, 0x46, 0x48,
    0x25, 0x53, 0x68, 0x01, 0x08, 0x15, 0x51, 0x27, 0x17, 0x31, 0x28, 0x40, 0x75, 0x91, 0x53, 0x41,
    0x00, 0x43, 0x52, 0x22, 0x80, 0x03, 0x46, 0x23, 0x96, 0x91, 0x56, 0x86, 0x49, 0x87, 0x42, 0x74,
    0x87, 0x40, 0x14, 0x69, 0x98, 0x51, 0x74, 0x06, 0x12, 0x26, 0x53, 0x14, 0x56, 0x95, 0x81, 0x15,
    0x90, 0x18, 0x57, 0x98, 0x87, 0x59, 0x23, 0x92, 0x62, 0x31, 0x81, 0x59, 0x02, 0x30, 0x07, 0x17,
    0x70, 0x21, 0x93, 0x48, 0x46, 0x29, 0x50, 0x91, 0x82, 0x22, 0x86, 0x43, 0x14, 0x24, 0x57, 0x17,
    0x06, 0x07, 0x40, 0x64, 0x52, 0x49, 0x38, 0x26, 0x19, 0x34, 0x28, 0x12, 0x32, 0x41, 0x71, 0x31,
    0x75, 0x32, 0x55, 0x21, 0x46, 0x31, 0x34, 0x89, 0x83, 0x95, 0x01, 0x96, 0x11, 0x05, 0x09, 0x64,
    0x72, 0x70, 0x55, 0x13, 0x78, 0x23, 0x84, 0x47, 0x55, 0x94, 0x98, 0x93, 0x27, 0x74, 0x26, 0x92,
    0x42, 0x38, 0x24, 0x29, 0x60, 0x69, 0x09, 0x57, 0x10, 0x94, 0x23, 0x15, 0x01, 0x05, 0x50, 0x77,
    0x53, 0x00, 0x60, 0x46, 0x69, 0x44, 0x79, 0x40, 0x52, 0x07, 0x11, 0x37, 0x85, 0x11, 0x37, 0x00,
    0x10, 0x62, 0x40, 0x45, 0x67, 0x75, 0x91, 0x88, 0x39, 0x90, 0x22, 0x37, 0x89, 0x07, 0x95, 0x45,
    0x13, 0x32, 0x03, 0x06, 0x69, 0x39, 0x24, 0x65, 0x49, 0x14, 0x47, 0x91, 0x12, 0x10, 0x86, 0x74,
    0x90, 0x26, 0x94, 0x00, 0x58, 0x35, 0x40, 0x57, 0x77, 0x40, 0x00, 0x89, 0x25, 0x11, 0x41, 0x87,
    0x27, 0x24, 0x20, 0x50, 0x09, 0x87, 0x40, 0x05, 0x80, 0x78, 0x77, 0x50, 0x83, 0x34, 0x18, 0x25,
    0x31, 0x98, 0x51, 0x18, 0x28, 0x18, 0x11, 0x16, 0x04, 0x07, 0x80, 0x88, 0x93, 0x76, 0x28, 0x90,
    0x93, 0x98, 0x09, 0x35, 0x60, 0x72, 0x55, 0x72, 0x91, 0x57, 0x16, 0x02, 0x38, 0x16, 0x50, 0x98,
    0x89, 0x78, 0x08, 0x80, 0x28, 0x29, 0x08, 0x36, 0x22, 0x75, 0x46, 0x34, 0x32, 0x34, 0x61, 0x46,
    0x48, 0x63, 0x93, 0x50, 0x95, 0x04, 0x35, 0x66, 0x96, 0x83, 0x71, 0x43, 0x49, 0x40, 0x08, 0x94,
    0x70, 0x96, 0x05, 0x73, 0x11, 0x43, 0x28, 0x27, 0x00, 0x25, 0x36, 0x36, 0x36, 0x19, 0x99, 0x61,
    0x91, 0x73, 0x97, 0x05, 0x58, 0x58, 0x13, 0x66, 0x63, 0x89, 0x03, 0x50, 0x91, 0x36, 0x63, 0x70,
    0x01, 0x01, 0x26, 0x17, 0x30, 0x89, 0x58, 0x34, 0x52, 0x41, 0x88, 0x36, 0x24, 0x01, 0x12, 0x49,
    0x40, 0x26, 0x35, 0x66, 0x39, 0x72, 0x64, 0x97, 0x31, 0x66, 0x83, 0x50, 0x50, 0x83, 0x22, 0x64,
    0x61, 0x33, 0x39, 0x48, 0x74, 0x64, 0x17, 0x42, 0x02, 0x49, 0x39, 0x57, 0x37, 0x47, 0x44, 0x05,
    0x70, 0x16, 0x65, 0x87, 0x80, 0x48, 0x23, 0x14, 0x36, 0x43, 0x83, 0x61, 0x89, 0x53, 0x22, 0x56,
    0x72, 0x70, 0x59, 0x67, 0x94, 0x29, 0x98, 0x82, 0x59, 0x84, 0x63, 0x31, 0x72, 0x22, 0x61, 0x83,
    0x69, 0x44, 0x12, 0x69, 0x00, 0x14, 0x41, 0x51, 0x70, 0x86, 0x47, 0x04, 0x92, 0x95, 0x39, 0x82,
    0x05, 0x01, 0x83, 0x94, 0x23, 0x30, 0x15, 0x92, 0x73, 0x12, 0x27, 0x83, 0x04, 0x15, 0x82, 0x29,
    0x68, 0x66, 0x41, 0x94, 0x76, 0x50, 0x47, 0x07, 0x20, 0x95, 0x23, 0x90, 0x32, 0x84, 0x11, 0x55,
    0x05, 0x33, 0x03, 0x47, 0x61, 0x09, 0x72, 0x31, 0x41, 0x43, 0x60, 0x51, 0x44, 0x98, 0x75, 0x29,
    0x67, 0x66, 0x79, 0x60, 0x15, 0x06, 0x72, 0x57, 0x56, 0x95, 0x75, 0x09, 0x15, 0x57, 0x31, 0x46,
    0x55, 0x95, 0x51, 0x56, 0x97, 0x07, 0x79, 0x92, 0x09, 0x46, 0x91, 0x82, 0x09, 0x91, 0x90, 0x40,
    0x24, 0x94, 0x72, 0x53, 0x83, 0x08, 0x22, 0x94, 0x78, 0x15, 0x30, 0x92, 0x96, 0x33, 0x76, 0x94,
    0x99, 0x72, 0x39, 0x43, 0x70, 0x85, 0x56, 0x43, 0x47, 0x23, 0x36, 0x38, 0x04, 0x35, 0x04, 0x37,
    0x24, 0x87, 0x03, 0x44, 0x65, 0x08, 0x80, 0x36, 0x70, 0x95, 0x36, 0x66, 0x54, 0x45, 0x50, 0x42,
    0x24, 0x43, 0x00, 0x01, 0x28, 0x01, 0x60, 0x37, 0x51, 0x94, 0x32, 0x77, 0x58, 0x90, 0x11, 0x41,
    0x31, 0x74, 0x20, 0x23, 0x43, 0x32, 0x07, 0x60, 0x92, 0x65, 0x01, 0x63, 0x19, 0x98, 0x11, 0x22,
    0x46, 0x96, 0x13, 0x36, 0x34, 0x26, 0x25, 0x84, 0x19, 0x75, 0x53, 0x59, 0x86, 0x74, 0x77, 0x84,
    0x64, 0x02, 0x96, 0x87, 0x07, 0x62, 0x54, 0x20, 0x47, 0x95, 0x58, 0x14, 0x58, 0x41, 0x53, 0x79,
    0x92, 0x26, 0x97, 0x48, 0x96, 0x92, 0x22, 0x38, 0x44, 0x88, 0x55, 0x18, 0x82, 0x82, 0x04, 0x66,
    0x19, 0x59, 0x63, 0x78, 0x98, 0x41, 0x12, 0x06, 0x89, 0x61, 0x98, 0x52, 0x87, 0x91, 0x72, 0x05,
    0x08, 0x72, 0x98, 0x84, 0x38, 0x37, 0x38, 0x68, 0x41, 0x29, 0x70, 0x52, 0x13, 0x91, 0x09, 0x01,
    0x18, 0x36, 0x63, 0x32, 0x92, 0x51, 0x46, 0x56, 0x94, 0x33, 0x96, 0x57, 0x59, 0x32, 0x78, 0x58,
    0x71, 0x53, 0x28, 0x37, 0x90, 0x11, 0x72, 0x42, 0x49, 0x85, 0x46, 0x05, 0x49, 0x13, 0x03, 0x87,
    0x74, 0x84, 0x17, 0x88, 0x04, 0x67, 0x73, 0x88, 0x50, 0x83, 0x98, 0x91, 0x69, 0x62, 0x66, 0x64,
    0x41, 0x29, 0x05, 0x21, 0x83, 0x12, 0x11, 0x55, 0x78, 0x09, 0x92, 0x54, 0x13, 0x11, 0x70, 0x47,
    0x39, 0x45, 0x43, 0x31, 0x63, 0x36, 0x55, 0x55, 0x09, 0x36, 0x46, 0x08, 0x37, 0x40, 0x83, 0x56,
    0x55, 0x47, 0x24, 0x75, 0x18, 0x40, 0x70, 0x70, 0x29, 0x16, 0x25, 0x12, 0x93, 0x64, 0x83, 0x92,
    0x60, 0x85, 0x70, 0x29, 0x45, 0x57, 0x79, 0x61, 0x15, 0x70, 0x79, 0x87, 0x57, 0x31, 0x75, 0x12,
    0x40, 0x94, 0x14, 0x97, 0x60, 0x99, 0x54, 0x30, 0x45, 0x42, 0x23, 0x01, 0x94, 0x36, 0x01, 0x44,
    0x21, 0x79, 0x73, 0x06, 0x65, 0x52, 0x46, 0x58, 0x03, 0x08, 0x71, 0x70, 0x34, 0x46, 0x69, 0x78,
    0x52, 0x42, 0x91, 0x96, 0x74, 0x28, 0x89, 0x54, 0x99, 0x72, 0x61, 0x07, 0x22, 0x92, 0x08, 0x59,
    0x81, 0x94, 0x76, 0x94, 0x01, 0x58, 0x65, 0x00, 0x59, 0x02, 0x10, 0x48, 0x04, 0x07, 0x76, 0x76,
    0x99, 0x53, 0x16, 0x05, 0x66, 0x86, 0x87, 0x31, 0x23, 0x88, 0x68, 0x98, 0x87, 0x30, 0x20, 0x18,
    0x55, 0x69, 0x94, 0x59, 0x31, 0x00, 0x21, 0x55, 0x42, 0x58, 0x40, 0x29, 0x26, 0x60, 0x25, 0x66,
    0x47, 0x09, 0x29, 0x28, 0x17, 0x00, 0x25, 0x57, 0x61, 0x92, 0x45, 0x45, 0x55, 0x55, 0x89, 0x42,
    0x09, 0x18, 0x60, 0x69, 0x39, 0x00, 0x21, 0x97, 0x71, 0x86, 0x07, 0x23, 0x30, 0x15, 0x08, 0x35,
    0x91, 0x86, 0x95, 0x71, 0x55, 0x91, 0x18, 0x86, 0x01, 0x36, 0x38, 0x40, 0x70, 0x37, 0x70, 0x61,
    0x99, 0x44, 0x02, 0x77, 0x82, 0x15, 0x92, 0x05, 0x74, 0x27, 0x90, 0x80, 0x67, 0x32, 0x56, 0x24,
    0x49, 0x45, 0x08, 0x40, 0x87, 0x89, 0x81, 0x99, 0x62, 0x85, 0x42, 0x05, 0x80, 0x09, 0x72, 0x76,
    0x13, 0x63, 0x20, 0x34, 0x28, 0x10, 0x55, 0x79, 0x15, 0x51, 0x14, 0x02, 0x01, 0x06, 0x23, 0x27,
    0x07, 0x89, 0x38, 0x99, 0x31, 0x07, 0x87, 0x09, 0x72, 0x49, 0x36, 0x14, 0x89, 0x84, 0x99, 0x91,
    0x40, 0x03, 0x49, 0x13, 0x31, 0x25, 0x79, 0x40, 0x72, 0x66, 0x80, 0x59, 0x41, 0x35, 0x27, 0x04,
    0x03, 0x56, 0x81, 0x48, 0x45, 0x42, 0x73, 0x99, 0x31, 0x31, 0x99, 0x34, 0x90, 0x08, 0x77, 0x07,
    0x00, 0x05, 0x86, 0x80, 0x70, 0x36, 0x36, 0x80, 0x59, 0x87, 0x47, 0x75, 0x80, 0x65, 0x20, 0x47,
    0x89, 0x19, 0x38, 0x43, 0x33, 0x50, 0x74, 0x05, 0x74, 0x55, 0x79, 0x63, 0x10, 0x89, 0x56, 0x37,
    0x96, 0x05, 0x06, 0x42, 0x39, 0x32, 0x04, 0x21, 0x24, 0x10, 0x26, 0x03, 0x01, 0x54, 0x95, 0x74,
    0x28, 0x61, 0x78, 0x68, 0x39, 0x66, 0x43, 0x48, 0x23, 0x16, 0x88, 0x16, 0x56, 0x76, 0x65, 0x24,
    0x15, 0x90, 0x44, 0x68, 0x49, 0x61, 0x46, 0x32, 0x34, 0x29, 0x87, 0x03, 0x47, 0x10, 0x75, 0x14,
    0x80, 0x41, 0x13, 0x78, 0x10, 0x19, 0x85, 0x11, 0x57, 0x35, 0x87, 0x90, 0x54, 0x17, 0x98, 0x82,
    0x11, 0x01, 0x19, 0x42, 0x51, 0x63, 0x31, 0x40, 0x64, 0x09, 0x91, 0x69, 0x62, 0x06, 0x54, 0x58,
    0x78, 0x02, 0x96, 0x21, 0x79, 0x45, 0x11, 0x15, 0x38, 0x64, 0x49, 0x04, 0x64, 0x28, 0x32, 0x82,
    0x78, 0x05, 0x20, 0x25, 0x66, 0x12, 0x57, 0x76, 0x41, 0x68, 0x93, 0x88, 0x69, 0x42, 0x98, 0x29,
    0x50, 0x34, 0x65, 0x81, 0x27, 0x96, 0x57, 0x30, 0x85, 0x78, 0x84, 0x91, 0x03, 0x25, 0x49, 0x99,
    0x54, 0x04, 0x22, 0x88, 0x70, 0x73, 0x90, 0x53, 0x47, 0x03, 0x86, 0x12, 0x01, 0x90, 0x70, 0x80,
    0x00, 0x70, 0x41, 0x81, 0x57, 0x74, 0x12, 0x86, 0x67, 0x94, 0x38, 0x03, 0x10, 0x80, 0x00, 0x24,
    0x07, 0x10, 0x34, 0x00, 0x01, 0x65, 0x29, 0x18, 0x11, 0x64, 0x33, 0x34, 0x07, 0x17, 0x01, 0x53,
    0x73, 0x82, 0x59, 0x79, 0x99, 0x53, 0x85, 0x79, 0x39, 0x79, 0x46, 0x06, 0x92, 0x22, 0x35, 0x20,
    0x30, 0x34, 0x69, 0x40, 0x94, 0x13, 0x60, 0x12, 0x41, 0x01, 0x49, 0x23, 0x51, 0x29, 0x71, 0x20,
    0x83, 0x96, 0x93, 0x62, 0x03, 0x65, 0x85, 0x66, 0x31, 0x07, 0x24, 0x24, 0x22, 0x19, 0x26, 0x06,
    0x86, 0x67, 0x85, 0x70, 0x19, 0x03, 0x82, 0x79, 0x97, 0x42, 0x35, 0x69, 0x54, 0x05, 0x33, 0x08,
    0x75, 0x29, 0x43, 0x22, 0x00, 0x24, 0x41, 0x92, 0x39, 0x28, 0x88, 0x54, 0x35, 0x63, 0x87, 0x57,
    0x81, 0x71, 0x52, 0x02, 0x50, 0x83, 0x09, 0x46, 0x94, 0x13, 0x87, 0x19, 0x34, 0x52, 0x49, 0x49,
    0x62, 0x23, 0x05, 0x42, 0x80, 0x95, 0x86, 0x85, 0x66, 0x55, 0x13, 0x26, 0x94, 0x66, 0x28, 0x39,
    0x99, 0x78, 0x92, 0x36, 0x97, 0x40, 0x05, 0x49, 0x11, 0x84, 0x38, 0x82, 0x28, 0x66, 0x04, 0x21,
    0x40, 0x09, 0x41, 0x64, 0x54, 0x38, 0x72, 0x22, 0x39, 0x16, 0x95, 0x39, 0x69, 0x71, 0x46, 0x88,
    0x82, 0x92, 0x92, 0x19, 0x59, 0x75, 0x42, 0x86, 0x19, 0x52, 0x56, 0x79, 0x61, 0x38, 0x24, 0x74,
    0x05, 0x47, 0x87, 0x05, 0x61, 0x52, 0x43, 0x50, 0x79, 0x30, 0x56, 0x48, 0x74, 0x86, 0x81, 0x07,
    0x88, 0x90, 0x80, 0x48, 0x89, 0x58, 0x39, 0x69, 0x72, 0x45, 0x73, 0x59, 0x97, 0x05, 0x01, 0x27,
    0x19, 0x40, 0x73, 0x96, 0x91, 0x38, 0x43, 0x33, 0x21, 0x83, 0x33, 0x40, 0x35, 0x93, 0x74, 0x88,
    0x64, 0x58, 0x29, 0x05, 0x49, 0x21, 0x10, 0x71, 0x06, 0x94, 0x40, 0x97, 0x80, 0x83, 0x61, 0x80,
    0x25, 0x03, 0x51, 0x36, 0x45, 0x92, 0x58, 0x06, 0x08, 0x63, 0x74, 0x11, 0x16, 0x74, 0x84, 0x15,
    0x12, 0x77, 0x85, 0x52, 0x04, 0x43, 0x75, 0x93, 0x49, 0x73, 0x16, 0x89, 0x09, 0x68, 0x27, 0x26,
    0x46, 0x26, 0x94, 0x06, 0x81, 0x78, 0x67, 0x90, 0x48, 0x19, 0x01, 0x04, 0x33, 0x50, 0x66, 0x49,
    0x39, 0x24, 0x71, 0x98, 0x22, 0x50, 0x38, 0x11, 0x12, 0x09, 0x04, 0x50, 0x73, 0x71, 0x01, 0x16,
    0x19, 0x26, 0x10, 0x18, 0x70, 0x82, 0x93, 0x24, 0x96, 0x51, 0x47, 0x62, 0x96, 0x24, 0x83, 0x71,
    0x29, 0x62, 0x39, 0x51, 0x39, 0x57, 0x65, 0x49, 0x67, 0x94, 0x88, 0x48, 0x75, 0x10, 0x85, 0x58,
    0x34, 0x29, 0x07, 0x28, 0x52, 0x22, 0x61, 0x38, 0x22, 0x16, 0x47, 0x02, 0x55, 0x90, 0x88, 0x53,
    0x01, 0x96, 0x57, 0x54, 0x39, 0x87, 0x90, 0x42, 0x87, 0x89, 0x97, 0x72, 0x47, 0x86, 0x33, 0x80,
    0x51, 0x74, 0x16, 0x50, 0x84, 0x77, 0x58, 0x90, 0x67, 0x57, 0x68, 0x35, 0x49, 0x14, 0x62, 0x60,
    0x09, 0x50, 0x43, 0x09, 0x39, 0x80, 0x45, 0x57, 0x73, 0x01, 0x00, 0x44, 0x85, 0x53, 0x69, 0x70,
    0x52, 0x02, 0x67, 0x01, 0x03, 0x30, 0x35, 0x19, 0x26, 0x58, 0x59, 0x01, 0x00, 0x31, 0x18, 0x55,
    0x04, 0x31, 0x99, 0x84, 0x70, 0x50, 0x68, 0x79, 0x17, 0x85, 0x84, 0x03, 0x43, 0x33, 0x91, 0x10,
    0x73, 0x75, 0x02, 0x80, 0x35, 0x32, 0x38, 0x73, 0x21, 0x19, 0x79, 0x27, 0x74, 0x65, 0x37, 0x11,
    0x56, 0x54, 0x70, 0x58, 0x00, 0x91, 0x50, 0x44, 0x40, 0x87, 0x23, 0x45, 0x79, 0x01, 0x44, 0x15,
    0x10, 0x87, 0x93, 0x61, 0x30, 0x46, 0x34, 0x64, 0x25, 0x36, 0x46, 0x10, 0x26, 0x31, 0x66, 0x77,
    0x53, 0x51, 0x67, 0x41, 0x10, 0x48, 0x78, 0x90, 0x05, 0x34, 0x67, 0x25, 0x92, 0x83, 0x47, 0x89,
    0x83, 0x83, 0x90, 0x76, 0x01, 0x36, 0x37, 0x10, 0x43, 0x78, 0x09, 0x12, 0x14, 0x00, 0x26, 0x51,
    0x88, 0x07, 0x31, 0x11, 0x58, 0x08, 0x57, 0x76, 0x29, 0x30, 0x75, 0x19, 0x82, 0x45, 0x02, 0x01,
    0x99, 0x38, 0x34, 0x51, 0x44, 0x80, 0x02, 0x51, 0x56, 0x58, 0x89, 0x85, 0x63, 0x39, 0x71, 0x29,
    0x94, 0x87, 0x67, 0x34, 0x45, 0x79, 0x54, 0x40, 0x59, 0x40, 0x87, 0x88, 0x10, 0x69, 0x81, 0x02,
    0x05, 0x46, 0x33, 0x16, 0x69, 0x02, 0x74, 0x09, 0x32, 0x22, 0x63, 0x90, 0x16, 0x80, 0x92, 0x94,
    0x77, 0x57, 0x16, 0x51, 0x68, 0x06, 0x67, 0x70, 0x16, 0x00, 0x43, 0x44, 0x86, 0x86, 0x26, 0x07,
    0x06, 0x38, 0x88, 0x47, 0x49, 0x37, 0x62, 0x44, 0x86, 0x09, 0x20, 0x76, 0x70, 0x31, 0x10, 0x23,
    0x51, 0x43, 0x52, 0x04, 0x09, 0x01, 0x64, 0x91, 0x71, 0x19, 0x11, 0x83, 0x53, 0x76, 0x47, 0x17,
    0x60, 0x79, 0x99, 0x37, 0x40, 0x52, 0x50, 0x13, 0x06, 0x36, 0x07, 0x75, 0x85, 0x41, 0x88, 0x99,
    0x52, 0x16, 0x29, 0x86, 0x86, 0x32, 0x21, 0x60, 0x50, 0x31, 0x03, 0x98, 0x05, 0x89, 0x71, 0x71,
    0x71, 0x55, 0x33, 0x07, 0x80, 0x55, 0x09, 0x50, 0x59, 0x96, 0x12, 0x40, 0x05, 0x80, 0x13, 0x39,
    0x21, 0x31, 0x87, 0x54, 0x83, 0x47, 0x01, 0x48, 0x77, 0x45, 0x56, 0x58, 0x87, 0x33, 0x85, 0x79,
    0x14, 0x72, 0x06, 0x67, 0x74, 0x77, 0x50, 0x30, 0x71, 0x87, 0x19, 0x38, 0x07, 0x68, 0x47, 0x03,
    0x60, 0x18, 0x95, 0x93, 0x33, 0x05, 0x88, 0x63, 0x40, 0x83, 0x09, 0x47, 0x01, 0x95, 0x26, 0x15,
    0x65, 0x60, 0x75, 0x76, 0x19, 0x95, 0x83, 0x05, 0x13, 0x48, 0x01, 0x66, 0x68, 0x92, 0x57, 0x96,
    0x30, 0x59, 0x04, 0x60, 0x70, 0x74, 0x60, 0x87, 0x24, 0x13, 0x13, 0x56, 0x45, 0x02, 0x12, 0x33,
    0x65, 0x76, 0x20, 0x61, 0x01, 0x18, 0x68, 0x80, 0x68, 0x75, 0x89, 0x73, 0x37, 0x22, 0x22, 0x83,
    0x92, 0x07, 0x39, 0x90, 0x89, 0x24, 0x39, 0x48, 0x39, 0x34, 0x53, 0x26, 0x38, 0x58, 0x75, 0x79,
    0x73, 0x08, 0x78, 0x45, 0x18, 0x69, 0x80, 0x81, 0x80, 0x58, 0x22, 0x14, 0x94, 0x52, 0x96, 0x07,
    0x17, 0x46, 0x37, 0x90, 0x96, 0x77, 0x40, 0x08, 0x99, 0x74, 0x82, 0x91, 0x97, 0x14, 0x05, 0x81,
    0x99, 0x65, 0x13, 0x13, 0x46, 0x99, 0x08, 0x44, 0x09, 0x12, 0x13, 0x69, 0x60, 0x25, 0x50, 0x50,
    0x68, 0x67, 0x42, 0x52, 0x28, 0x11, 0x42, 0x83, 0x10, 0x70, 0x07, 0x29, 0x97, 0x21, 0x63, 0x27,
    0x94, 0x23, 0x70, 0x35, 0x05, 0x03, 0x23, 0x68, 0x84, 0x70, 0x34, 0x87, 0x27, 0x97, 0x93, 0x10,
    0x33, 0x98, 0x34, 0x77, 0x65, 0x73, 0x86, 0x29, 0x91, 0x83, 0x02, 0x48, 0x77, 0x58, 0x06, 0x39,
    0x34, 0x47, 0x02, 0x79, 0x26, 0x63, 0x53, 0x45, 0x25, 0x06, 0x39, 0x57, 0x81, 0x06, 0x89, 0x76,
    0x50, 0x01, 0x39, 0x15, 0x32, 0x33, 0x21, 0x73, 0x18, 0x97, 0x18, 0x22, 0x45, 0x11, 0x64, 0x37,
    0x05, 0x97, 0x10, 0x23, 0x03, 0x45, 0x41, 0x01, 0x55, 0x29, 0x92, 0x51, 0x93, 0x58, 0x73, 0x77,
    0x48, 0x24, 0x88, 0x73, 0x04, 0x22, 0x70, 0x70, 0x72, 0x10, 0x78, 0x64, 0x64, 0x28, 0x63, 0x52,
    0x54, 0x88, 0x16, 0x52, 0x83, 0x82, 0x98, 0x52, 0x29, 0x10, 0x50, 0x52, 0x12, 0x95, 0x34, 0x58,
    0x42, 0x58, 0x17, 0x44, 0x34, 0x11, 0x23, 0x67, 0x95, 0x49, 0x20, 0x96, 0x22, 0x80, 0x18, 0x59,
    0x37, 0x81, 0x81, 0x54, 0x46, 0x46, 0x65, 0x63, 0x88, 0x56, 0x07, 0x16, 0x68, 0x41, 0x87, 0x13,
    0x42, 0x01, 0x91, 0x00, 0x77, 0x73, 0x18, 0x19, 0x29, 0x87, 0x02, 0x30, 0x66, 0x55, 0x04, 0x96,
    0x15, 0x96, 0x01, 0x18, 0x54, 0x09, 0x47, 0x35, 0x73, 0x76, 0x05, 0x80, 0x61, 0x15, 0x53, 0x54,
    0x54, 0x05, 0x13, 0x37, 0x58, 0x77, 0x04, 0x61, 0x96, 0x72, 0x71, 0x90, 0x25, 0x52, 0x03, 0x07,
    0x33, 0x43, 0x10, 0x04, 0x67, 0x09, 0x75, 0x26, 0x08, 0x50, 0x97, 0x06, 0x57, 0x19, 0x93, 0x02,
    0x14, 0x53, 0x58, 0x51, 0x27, 0x62, 0x17, 0x66, 0x05, 0x95, 0x65, 0x73, 0x38, 0x07, 0x32, 0x44,
    0x35, 0x05, 0x38, 0x29, 0x97, 0x89, 0x18, 0x00, 0x73, 0x33, 0x18, 0x82, 0x96, 0x68, 0x04, 0x33,
    0x04, 0x35, 0x08, 0x27, 0x08, 0x62, 0x38, 0x15, 0x85, 0x55, 0x67, 0x38, 0x97, 0x16, 0x46, 0x17,
    0x73, 0x22, 0x42, 0x70, 0x04, 0x84, 0x46, 0x08, 0x86, 0x19, 0x35, 0x89, 0x30, 0x92, 0x13, 0x27,
    0x90, 0x83, 0x92, 0x54, 0x36, 0x86, 0x00, 0x95, 0x85, 0x28, 0x27, 0x91, 0x25, 0x05, 0x65, 0x24,
    0x93, 0x01, 0x53, 0x41, 0x45, 0x50, 0x03, 0x81, 0x30, 0x95, 0x66, 0x74, 0x05, 0x40, 0x74, 0x89,
    0x56, 0x51, 0x70, 0x74, 0x91, 0x49, 0x29, 0x07, 0x97, 0x19, 0x16, 0x26, 0x76, 0x47, 0x47, 0x17,
    0x93, 0x41, 0x17, 0x84, 0x60, 0x01, 0x00, 0x42, 0x29, 0x75, 0x89, 0x58, 0x07, 0x30, 0x46, 0x23,
    0x91, 0x21, 0x33, 0x29, 0x54, 0x99, 0x47, 0x57, 0x61, 0x70, 0x23, 0x71, 0x21, 0x74, 0x59, 0x68,
    0x30, 0x29, 0x57, 0x31, 0x75, 0x23, 0x70, 0x53, 0x13, 0x43, 0x17, 0x86, 0x97, 0x05, 0x79, 0x44,
    0x37, 0x68, 0x54, 0x40, 0x13, 0x79, 0x99, 0x27, 0x15, 0x50, 0x14, 0x70, 0x13, 0x22, 0x80, 0x28,
    0x46, 0x56, 0x35, 0x12, 0x54, 0x51, 0x06, 0x24, 0x64, 0x17, 0x52, 0x23, 0x79, 0x50, 0x02, 0x31,
    0x10, 0x69, 0x02, 0x61, 0x22, 0x41, 0x45, 0x25, 0x45, 0x99, 0x99, 0x75, 0x12, 0x19, 0x91, 0x53,
    0x86, 0x53, 0x09, 0x54, 0x52, 0x98, 0x34, 0x35, 0x62, 0x21, 0x83, 0x29, 0x49, 0x56, 0x00, 0x30,
    0x08, 0x28, 0x72, 0x93, 0x04, 0x00, 0x73, 0x42, 0x89, 0x40, 0x90, 0x95, 0x27, 0x51, 0x49, 0x27,
    0x29, 0x51, 0x85, 0x67, 0x27, 0x56, 0x91, 0x91, 0x47, 0x05, 0x38, 0x34, 0x84, 0x25, 0x04, 0x00,
    0x67, 0x94, 0x08, 0x31, 0x17, 0x53, 0x10, 0x98, 0x54, 0x04, 0x38, 0x55, 0x09, 0x67, 0x25, 0x25,
    0x35, 0x22, 0x71, 0x27, 0x43, 0x04, 0x13, 0x57, 0x27, 0x96, 0x52, 0x61, 0x55, 0x60, 0x40, 0x00,
    0x33, 0x70, 0x50, 0x98, 0x87, 0x26, 0x94, 0x63, 0x81, 0x95, 0x85, 0x20, 0x93, 0x98, 0x70, 0x28,
    0x66, 0x58, 0x96, 0x04, 0x57, 0x37, 0x69, 0x11, 0x32, 0x18, 0x67, 0x37, 0x61, 0x79, 0x05, 0x03,
    0x18, 0x37, 0x99, 0x19, 0x82, 0x66, 0x56, 0x27, 0x01, 0x56, 0x65, 0x83, 0x41, 0x28, 0x85, 0x94,
    0x76, 0x90, 0x13, 0x70, 0x76, 0x54, 0x87, 0x93, 0x92, 0x24, 0x76, 0x27, 0x37, 0x10, 0x31, 0x52,
    0x56, 0x65, 0x15, 0x86, 0x65, 0x07, 0x93, 0x32, 0x20, 0x80, 0x81, 0x65, 0x14, 0x77, 0x16, 0x86,
    0x96, 0x14, 0x39, 0x21, 0x69, 0x61, 0x54, 0x20, 0x09, 0x95, 0x70, 0x10, 0x44, 0x64, 0x02, 0x69,
    0x20, 0x08, 0x58, 0x52, 0x94, 0x72, 0x53, 0x72, 0x94, 0x04, 0x72, 0x75, 0x34, 0x77, 0x95, 0x49,
    0x13, 0x47, 0x05, 0x64, 0x30, 0x76, 0x96, 0x16, 0x90, 0x96, 0x69, 0x33, 0x76, 0x17, 0x68, 0x79,
    0x07, 0x35, 0x22, 0x04, 0x82, 0x50, 0x67, 0x58, 0x74, 0x19, 0x06, 0x22, 0x40, 0x33, 0x74, 0x56,
    0x57, 0x53, 0x43, 0x68, 0x66, 0x66, 0x99, 0x06, 0x68, 0x85, 0x29, 0x29, 0x91, 0x35, 0x02, 0x99,
    0x57, 0x10, 0x88, 0x50, 0x12, 0x25, 0x35, 0x11, 0x05, 0x29, 0x00, 0x32, 0x48, 0x88, 0x24, 0x15,
    0x66, 0x78, 0x46, 0x80, 0x01, 0x61, 0x98, 0x53, 0x80, 0x91, 0x00, 0x40, 0x10, 0x12, 0x74, 0x19,
    0x28, 0x07, 0x11, 0x50, 0x39, 0x37, 0x35, 0x32, 0x28, 0x40, 0x30, 0x99, 0x28, 0x60, 0x66, 0x87,
    0x73, 0x96, 0x58, 0x28, 0x11, 0x09, 0x09, 0x28, 0x92, 0x71, 0x77, 0x44, 0x26, 0x17, 0x99, 0x87,
    0x29, 0x03, 0x85, 0x30, 0x45, 0x49, 0x43, 0x50, 0x09, 0x55, 0x96, 0x77, 0x45, 0x03, 0x91, 0x07,
    0x68, 0x85, 0x07, 0x46, 0x03, 0x39, 0x51, 0x85, 0x06, 0x46, 0x53, 0x64, 0x44, 0x32, 0x02, 0x69,
    0x60, 0x23, 0x40, 0x89, 0x33, 0x12, 0x15, 0x48, 0x22, 0x48, 0x20, 0x08, 0x68, 0x56, 0x54, 0x82,
    0x52, 0x02, 0x16, 0x01, 0x42, 0x44, 0x95, 0x43, 0x19, 0x53, 0x81, 0x80, 0x86, 0x94, 0x01, 0x37,
    0x86, 0x45, 0x06, 0x05, 0x61, 0x36, 0x20, 0x46, 0x82, 0x83, 0x88, 0x58, 0x61, 0x22, 0x60, 0x83,
    0x46, 0x14, 0x64, 0x51, 0x65, 0x61, 0x33, 0x63, 0x90, 0x53, 0x06, 0x48, 0x30, 0x90, 0x94, 0x50,
    0x50, 0x52, 0x36, 0x80, 0x24, 0x52, 0x71, 0x36, 0x54, 0x14, 0x50, 0x15, 0x65, 0x49, 0x57, 0x84,
    0x60, 0x99, 0x59, 0x66, 0x24, 0x23, 0x83, 0x16, 0x78, 0x59, 0x30, 0x42, 0x87, 0x96, 0x55, 0x41,
    0x33, 0x92, 0x54, 0x00, 0x59, 0x34, 0x27, 0x82, 0x74, 0x40, 0x61, 0x47, 0x98, 0x41, 0x87, 0x43,
    0x90, 0x82, 0x44, 0x18, 0x54, 0x48, 0x13, 0x91, 0x21, 0x85, 0x08, 0x96, 0x29, 0x17, 0x19, 0x63,
    0x99, 0x97, 0x79, 0x25, 0x91, 0x29, 0x15, 0x57, 0x52, 0x79, 0x74, 0x12, 0x73, 0x39, 0x94, 0x14,
    0x99, 0x54, 0x00, 0x71, 0x34, 0x42, 0x79, 0x11, 0x00, 0x86, 0x04, 0x26, 0x00, 0x24, 0x01, 0x21,
    0x56, 0x44, 0x34, 0x47, 0x60, 0x38, 0x49, 0x16, 0x70, 0x73, 0x70, 0x53, 0x03, 0x02, 0x66, 0x22,
    0x16, 0x81, 0x66, 0x36, 0x07, 0x43, 0x34, 0x14, 0x39, 0x87, 0x45, 0x92, 0x36, 0x67, 0x44, 0x89,
    0x98, 0x04, 0x64, 0x97, 0x07, 0x80, 0x73, 0x32, 0x93, 0x74, 0x98, 0x68, 0x08, 0x57, 0x56, 0x83,
    0x67, 0x04, 0x29, 0x05, 0x75, 0x86, 0x80, 0x58, 0x06, 0x86, 0x32, 0x92, 0x87, 0x32, 0x36, 0x93,
    0x61, 0x21, 0x77, 0x31, 0x62, 0x80, 0x65, 0x96, 0x68, 0x03, 0x43, 0x07, 0x92, 0x33, 0x49, 0x55,
    0x49, 0x63, 0x62, 0x12, 0x82, 0x62, 0x92, 0x26, 0x87, 0x38, 0x41, 0x45, 0x33, 0x18, 0x92, 0x94,
    0x33, 0x43, 0x71, 0x84, 0x47, 0x04, 0x97, 0x26, 0x30, 0x94, 0x08, 0x03, 0x25, 0x78, 0x20, 0x15,
    0x63, 0x15, 0x27, 0x85, 0x81, 0x46, 0x94, 0x52, 0x39, 0x44, 0x71, 0x48, 0x66, 0x69, 0x39, 0x83,
    0x57, 0x38, 0x91, 0x78, 0x49, 0x86, 0x50, 0x77, 0x04, 0x25, 0x98, 0x79, 0x59, 0x18, 0x97, 0x96,
    0x53, 0x40, 0x18, 0x95, 0x20, 0x43, 0x27, 0x97, 0x78, 0x10, 0x54, 0x33, 0x57, 0x72, 0x19, 0x86,
    0x93, 0x33, 0x39, 0x93, 0x14, 0x38, 0x30, 0x67, 0x41, 0x19, 0x27, 0x39, 0x58, 0x33, 0x61, 0x37,
    0x89, 0x89, 0x53, 0x35, 0x61, 0x82, 0x64, 0x32, 0x34, 0x91, 0x53, 0x25, 0x72, 0x71, 0x42, 0x47,
    0x49, 0x89, 0x55, 0x59, 0x06, 0x05, 0x07, 0x30, 0x93, 0x15, 0x70, 0x02, 0x54, 0x51, 0x68, 0x00,
    0x18, 0x07, 0x73, 0x18, 0x05, 0x75, 0x40, 0x55, 0x53, 0x33, 0x63, 0x61, 0x21, 0x65, 0x06, 0x28,
    0x02, 0x25, 0x72, 0x15, 0x62, 0x75, 0x38, 0x50, 0x19, 0x61, 0x17, 0x06, 0x37, 0x01, 0x42, 0x09,
    0x56, 0x02, 0x57, 0x04, 0x30, 0x37, 0x26, 0x33, 0x05, 0x07, 0x67, 0x81, 0x94, 0x65, 0x30, 0x34,
    0x17, 0x42, 0x12, 0x91, 0x81, 0x90, 0x06, 0x07, 0x82, 0x07, 0x30, 0x11, 0x04, 0x11, 0x65, 0x61,
    0x75, 0x07, 0x04, 0x39, 0x80, 0x19, 0x35, 0x15, 0x28, 0x48, 0x05, 0x22, 0x90, 0x36, 0x84, 0x06,
    0x91, 0x30, 0x54, 0x75, 0x84, 0x95, 0x69, 0x24, 0x47, 0x62, 0x20, 0x07, 0x72, 0x46, 0x69, 0x82,
    0x46, 0x11, 0x66, 0x19, 0x85, 0x11, 0x27, 0x18, 0x47, 0x42, 0x33, 0x00, 0x82, 0x99, 0x23, 0x66,
    0x28, 0x50, 0x62, 0x64, 0x62, 0x15, 0x56, 0x00, 0x30, 0x91, 0x00, 0x41, 0x03, 0x23, 0x54, 0x91,
    0x58, 0x20, 0x19, 0x48, 0x33, 0x47, 0x42, 0x97, 0x81, 0x28, 0x84, 0x68, 0x34, 0x65, 0x89, 0x54,
    0x72, 0x26, 0x93, 0x93, 0x30, 0x74, 0x36, 0x23, 0x08, 0x57, 0x30, 0x16, 0x32, 0x50, 0x26, 0x42,
    0x18, 0x89, 0x35, 0x42, 0x14, 0x97, 0x64, 0x11, 0x14, 0x24, 0x84, 0x71, 0x57, 0x73, 0x40, 0x04,
    0x09, 0x09, 0x90, 0x69, 0x66, 0x40, 0x26, 0x55, 0x15, 0x90, 0x51, 0x08, 0x03, 0x93, 0x17, 0x98,
    0x48, 0x73, 0x16, 0x58, 0x73, 0x17, 0x76, 0x16, 0x55, 0x94, 0x28, 0x16, 0x83, 0x26, 0x02, 0x30,
    0x64, 0x25, 0x04, 0x24, 0x89, 0x03, 0x16, 0x50, 0x38, 0x05, 0x84, 0x67, 0x97, 0x85, 0x98, 0x38,
    0x39, 0x95, 0x16, 0x62, 0x91, 0x72, 0x33, 0x31, 0x42, 0x88, 0x39, 0x72, 0x35, 0x88, 0x67, 0x42,
    0x18, 0x07, 0x11, 0x03, 0x67, 0x41, 0x28, 0x25, 0x19, 0x10, 0x78, 0x58, 0x18, 0x57, 0x64, 0x75,
    0x90, 0x91, 0x65, 0x57, 0x55, 0x90, 0x57, 0x76, 0x88, 0x91, 0x24, 0x71, 0x85, 0x51, 0x87, 0x12,
    0x93, 0x23, 0x96, 0x10, 0x99, 0x53, 0x28, 0x24, 0x52, 0x83, 0x70, 0x11, 0x92, 0x74, 0x42, 0x51,
    0x20, 0x96, 0x09, 0x23, 0x55, 0x34, 0x32, 0x42, 0x43, 0x68, 0x14, 0x26, 0x56, 0x08, 0x35, 0x52,
    0x23, 0x39, 0x14, 0x45, 0x34, 0x99, 0x48, 0x13, 0x74, 0x86, 0x02, 0x89, 0x88, 0x71, 0x97, 0x82,
    0x06, 0x66, 0x02, 0x48, 0x69, 0x30, 0x24, 0x73, 0x44, 0x54, 0x21, 0x03, 0x07, 0x24, 0x66, 0x88,
    0x34, 0x34, 0x96, 0x84, 0x31, 0x26, 0x36, 0x31, 0x08, 0x47, 0x21, 0x70, 0x84, 0x10, 0x18, 0x14,
    0x28, 0x34, 0x61, 0x82, 0x56, 0x44, 0x97, 0x27, 0x42, 0x53, 0x17, 0x62, 0x06, 0x38, 0x03, 0x81,
    0x04, 0x18, 0x91, 0x60, 0x53, 0x41, 0x14, 0x33, 0x51, 0x84, 0x67, 0x03, 0x44, 0x82, 0x52, 0x29,
    0x03, 0x49, 0x86, 0x40, 0x88, 0x30, 0x27, 0x32, 0x84, 0x65, 0x32, 0x48, 0x18, 0x34, 0x66, 0x94,
    0x07, 0x06, 0x70, 0x11, 0x34, 0x28, 0x40, 0x03, 0x67, 0x82, 0x42, 0x83, 0x40, 0x27, 0x52, 0x36,
    0x02, 0x73, 0x28, 0x17, 0x91, 0x64, 0x36, 0x88, 0x31, 0x36, 0x97, 0x52, 0x93, 0x71, 0x04, 0x26,
    0x89, 0x11, 0x92, 0x11, 0x01, 0x08, 0x32, 0x17, 0x72, 0x13, 0x82, 0x27, 0x50, 0x08, 0x33, 0x29,
    0x18, 0x87, 0x43, 0x77, 0x44, 0x12, 0x24, 0x77, 0x53, 0x04, 0x60, 0x31, 0x80, 0x55, 0x13, 0x78,
    0x00, 0x10, 0x70, 0x99, 0x30, 0x38, 0x96, 0x29, 0x82, 0x23, 0x05, 0x44, 0x04, 0x86, 0x40, 0x44,
    0x86, 0x01, 0x50, 0x60, 0x97, 0x52, 0x28, 0x65, 0x12, 0x31, 0x19, 0x12, 0x16, 0x96, 0x27, 0x12,
    0x53, 0x01, 0x57, 0x52, 0x98, 0x48, 0x49, 0x97, 0x79, 0x93, 0x43, 0x09, 0x54, 0x90, 0x97, 0x58,
    0x92, 0x33, 0x73, 0x45, 0x32, 0x19, 0x50, 0x95, 0x77, 0x97, 0x37, 0x68, 0x07, 0x15, 0x85, 0x48,
    0x70, 0x27, 0x46, 0x65, 0x22, 0x79, 0x49, 0x49, 0x47, 0x86, 0x22, 0x89, 0x38, 0x04, 0x38, 0x28,
    0x78, 0x99, 0x35, 0x17, 0x24, 0x81, 0x81, 0x04, 0x11, 0x75, 0x54, 0x16, 0x17, 0x96, 0x68, 0x39,
    0x81, 0x55, 0x38, 0x76, 0x27, 0x57, 0x46, 0x60, 0x13, 0x16, 0x88, 0x52, 0x86, 0x05, 0x67, 0x61,
    0x43, 0x80, 0x86, 0x42, 0x14, 0x38, 0x82, 0x48, 0x84, 0x31, 0x02, 0x11, 0x94, 0x29, 0x98, 0x29,
    0x57, 0x59, 0x26, 0x57, 0x38, 0x43, 0x76, 0x54, 0x36, 0x12, 0x78, 0x56, 0x03, 0x87, 0x40, 0x59,
    0x71, 0x60, 0x87, 0x25, 0x10, 0x47, 0x95, 0x20, 0x76, 0x30, 0x06, 0x15, 0x07, 0x82, 0x15, 0x80,
    0x97, 0x12, 0x27, 0x85, 0x84, 0x81, 0x18, 0x16, 0x09, 0x52, 0x06, 0x37, 0x55, 0x95, 0x04, 0x42,
    0x89, 0x77, 0x03, 0x65, 0x59, 0x73, 0x65, 0x30, 0x61, 0x85, 0x45, 0x78, 0x65, 0x17, 0x73, 0x92,
    0x16, 0x04, 0x29, 0x46, 0x82, 0x44, 0x08, 0x46, 0x64, 0x92, 0x31, 0x95, 0x87, 0x08, 0x23, 0x90,
    0x01, 0x53, 0x71, 0x58, 0x73, 0x57, 0x31, 0x29, 0x05, 0x82, 0x48, 0x76, 0x22, 0x48, 0x68, 0x13,
    0x60, 0x23, 0x45, 0x47, 0x52, 0x60, 0x90, 0x90, 0x09, 0x40, 0x97, 0x68, 0x95, 0x74, 0x08, 0x01,
    0x22, 0x96, 0x38, 0x88, 0x73, 0x20, 0x83, 0x97, 0x10, 0x25, 0x44, 0x99, 0x39, 0x29, 0x62, 0x01,
    0x43, 0x81, 0x38, 0x94, 0x69, 0x08, 0x13, 0x59, 0x41, 0x39, 0x21, 0x79, 0x62, 0x18, 0x41, 0x85,
    0x36, 0x55, 0x41, 0x67, 0x84, 0x10, 0x86, 0x28, 0x96, 0x93, 0x45, 0x68, 0x09, 0x56, 0x23, 0x96,
    0x96, 0x03, 0x11, 0x66, 0x33, 0x00, 0x75, 0x54, 0x16, 0x92, 0x15, 0x99, 0x92, 0x67, 0x95, 0x31,
    0x70, 0x29, 0x65, 0x76, 0x32, 0x20, 0x54, 0x74, 0x72, 0x24, 0x86, 0x41, 0x72, 0x89, 0x45, 0x08,
    0x71, 0x73, 0x20, 0x70, 0x06, 0x79, 0x80, 0x95, 0x98, 0x33, 0x73, 0x55, 0x90, 0x00, 0x23, 0x56,
    0x02, 0x97, 0x49, 0x21, 0x91, 0x33, 0x45, 0x81, 0x19, 0x18, 0x14, 0x25, 0x82, 0x33, 0x87, 0x00,
    0x22, 0x35, 0x20, 0x14, 0x17, 0x05, 0x77, 0x36, 0x00, 0x79, 0x20, 0x24, 0x17, 0x45, 0x67, 0x73,
    0x95, 0x80, 0x50, 0x57, 0x52, 0x65, 0x38, 0x41, 0x00, 0x89, 0x47, 0x06, 0x38, 0x18, 0x14, 0x40,
    0x29, 0x05, 0x56, 0x18, 0x97, 0x60, 0x17, 0x09, 0x63, 0x51, 0x54, 0x31, 0x26, 0x40, 0x62, 0x46,
    0x46, 0x07, 0x97, 0x82, 0x56, 0x29, 0x98, 0x28, 0x08, 0x91, 0x24, 0x69, 0x01, 0x90, 0x59, 0x50,
    0x96, 0x84, 0x71, 0x64, 0x11, 0x86, 0x47, 0x75, 0x45, 0x11, 0x84, 0x09, 0x34, 0x47, 0x17, 0x77,
    0x43, 0x05, 0x70, 0x26, 0x85, 0x87, 0x35, 0x73, 0x15, 0x08, 0x87, 0x62, 0x41, 0x23, 0x72, 0x92,
    0x08, 0x50, 0x31, 0x83, 0x52, 0x79, 0x55, 0x13, 0x45, 0x20, 0x61, 0x63, 0x56, 0x52, 0x29, 0x96,
    0x20, 0x75, 0x10, 0x92, 0x77, 0x58, 0x59, 0x54, 0x75, 0x81, 0x49, 0x53, 0x34, 0x08, 0x85, 0x07,
    0x67, 0x75, 0x75, 0x57, 0x46, 0x33, 0x06, 0x23, 0x91, 0x44, 0x29, 0x95, 0x75, 0x69, 0x25, 0x37,
    0x58, 0x30, 0x04, 0x99, 0x79, 0x08, 0x87, 0x45, 0x70, 0x67, 0x42, 0x05, 0x89, 0x98, 0x56, 0x85,
    0x45, 0x32, 0x21, 0x47, 0x28, 0x34, 0x30, 0x40, 0x54, 0x26, 0x25, 0x51, 0x91, 0x95, 0x10, 0x19,
    0x06, 0x58, 0x82, 0x30, 0x02, 0x60, 0x68, 0x30, 0x38, 0x90, 0x07, 0x51, 0x78, 0x74, 0x56, 0x90,
    0x46, 0x47, 0x81, 0x27, 0x08, 0x94, 0x23, 0x65, 0x36, 0x98, 0x17, 0x91, 0x32, 0x04, 0x26, 0x50,
    0x39, 0x08, 0x14, 0x09, 0x34, 0x82, 0x86, 0x55, 0x81, 0x38, 0x72, 0x41, 0x43, 0x35, 0x84, 0x38,
    0x89, 0x53, 0x05, 0x22, 0x27, 0x58, 0x65, 0x12, 0x38, 0x21, 0x43, 0x20, 0x36, 0x20, 0x53, 0x03,
    0x67, 0x89, 0x36, 0x94, 0x59, 0x39, 0x24, 0x75, 0x70, 0x63, 0x88, 0x54, 0x13, 0x06, 0x82, 0x10,
    0x75, 0x61, 0x39, 0x66, 0x87, 0x30, 0x67, 0x46, 0x96, 0x82, 0x52, 0x89, 0x73, 0x44, 0x61, 0x50,
    0x36, 0x65, 0x50, 0x48, 0x90, 0x46, 0x97, 0x71, 0x17, 0x29, 0x76, 0x06, 0x94, 0x99, 0x37, 0x05,
    0x58, 0x94, 0x97, 0x79, 0x77, 0x94, 0x39, 0x50, 0x13, 0x49, 0x62, 0x24, 0x35, 0x56, 0x79, 0x60,
    0x59, 0x89, 0x73, 0x12, 0x09, 0x20, 0x52, 0x64, 0x86, 0x46, 0x16, 0x01, 0x63, 0x48, 0x82, 0x15,
    0x63, 0x31, 0x37, 0x67, 0x12, 0x75, 0x65, 0x57, 0x58, 0x03, 0x03, 0x92, 0x18, 0x44, 0x88, 0x95,
    0x63, 0x88, 0x85, 0x00, 0x31, 0x50, 0x04, 0x10, 0x17, 0x75, 0x60, 0x22, 0x78, 0x04, 0x77, 0x41,
    0x66, 0x59, 0x20, 0x02, 0x82, 0x49, 0x29, 0x19, 0x15, 0x46, 0x98, 0x86, 0x70, 0x39, 0x45, 0x51,
    0x79, 0x54, 0x22, 0x28, 0x92, 0x07, 0x66, 0x52, 0x25, 0x68, 0x69, 0x58, 0x89, 0x74, 0x00, 0x72,
    0x89, 0x61, 0x88, 0x48, 0x36, 0x78, 0x11, 0x63, 0x07, 0x67, 0x19, 0x65, 0x28, 0x40, 0x83, 0x61,
    0x93, 0x77, 0x75, 0x48, 0x98, 0x61, 0x23, 0x98, 0x86, 0x72, 0x57, 0x55, 0x51, 0x45, 0x28, 0x76,
    0x26, 0x76, 0x89, 0x79, 0x65, 0x11, 0x05, 0x07, 0x22, 0x74, 0x30, 0x49, 0x77, 0x02, 0x10, 0x22,
    0x84, 0x64, 0x68, 0x19, 0x15, 0x04, 0x90, 0x76, 0x47, 0x94, 0x66, 0x45, 0x18, 0x08, 0x32, 0x44,
    0x83, 0x13, 0x83, 0x03, 0x93, 0x73, 0x46, 0x06, 0x09, 0x73, 0x03, 0x35, 0x26, 0x92, 0x36, 0x65,
    0x16, 0x91, 0x77, 0x46, 0x49, 0x71, 0x00, 0x77, 0x85, 0x26, 0x46, 0x34, 0x84, 0x90, 0x09, 0x99,
    0x61, 0x53, 0x79, 0x68, 0x30, 0x91, 0x70, 0x18, 0x63, 0x77, 0x23, 0x80, 0x15, 0x88, 0x00, 0x41,
    0x56, 0x93, 0x39, 0x76, 0x40, 0x50, 0x31, 0x80, 0x77, 0x43, 0x15, 0x93, 0x85, 0x64, 0x98, 0x49,
    0x20, 0x95, 0x58, 0x36, 0x01, 0x78, 0x43, 0x39, 0x14, 0x16, 0x48, 0x06, 0x88, 0x17, 0x36, 0x52,
    0x41, 0x06, 0x79, 0x47, 0x78, 0x57, 0x59, 0x00, 0x49, 0x16, 0x57, 0x41, 0x78, 0x17, 0x09, 0x10,
    0x35, 0x53, 0x47, 0x05, 0x43, 0x53, 0x60, 0x40, 0x66, 0x02, 0x90, 0x22, 0x06, 0x26, 0x62, 0x53,
    0x62, 0x06, 0x77, 0x61, 0x84, 0x14, 0x05, 0x28, 0x55, 0x06, 0x21, 0x78, 0x66, 0x17, 0x19, 0x54,
    0x96, 0x40, 0x32, 0x54, 0x77, 0x39, 0x37, 0x27, 0x73, 0x83, 0x72, 0x32, 0x07, 0x40, 0x71, 0x68,
    0x80, 0x08, 0x92, 0x94, 0x32, 0x71, 0x24, 0x79, 0x20, 0x81, 0x95, 0x20, 0x07, 0x93, 0x17, 0x91,
    0x92, 0x53, 0x27, 0x03, 0x02, 0x95, 0x58, 0x30, 0x21, 0x02, 0x95, 0x54, 0x18, 0x65, 0x47, 0x65,
    0x03, 0x56, 0x18, 0x39, 0x42, 0x09, 0x99, 0x83, 0x05, 0x80, 0x86, 0x11, 0x21, 0x17, 0x87, 0x63,
    0x15, 0x24, 0x54, 0x16, 0x31, 0x76, 0x44, 0x41, 0x13, 0x08, 0x20, 0x30, 0x84, 0x66, 0x14, 0x39,
    0x12, 0x17, 0x66, 0x48, 0x26, 0x66, 0x20, 0x52, 0x92, 0x50, 0x00, 0x91, 0x97, 0x08, 0x48, 0x51,
    0x46, 0x78, 0x98, 0x45, 0x01, 0x70, 0x61, 0x53, 0x05, 0x37, 0x36, 0x44, 0x28, 0x89, 0x13, 0x80,
    0x34, 0x39, 0x91, 0x72, 0x09, 0x70, 0x50, 0x93, 0x17, 0x08, 0x81, 0x07, 0x54, 0x60, 0x88, 0x14,
    0x17, 0x32, 0x63, 0x09, 0x68, 0x64, 0x99, 0x07, 0x40, 0x02, 0x15, 0x36, 0x20, 0x12, 0x23, 0x44,
    0x71, 0x87, 0x98, 0x36, 0x98, 0x54, 0x42, 0x67, 0x67, 0x54, 0x96, 0x96, 0x33, 0x11, 0x69, 0x20,
    0x29, 0x72, 0x18, 0x15, 0x10, 0x71, 0x78, 0x87, 0x86, 0x08, 0x47, 0x53, 0x84, 0x92, 0x04, 0x62,
    0x29, 0x23, 0x08, 0x13, 0x67, 0x43, 0x74, 0x84, 0x93, 0x20, 0x30, 0x92, 0x06, 0x18, 0x54, 0x48,
    0x37, 0x36, 0x69, 0x11, 0x33, 0x27, 0x17, 0x31, 0x78, 0x06, 0x45, 0x35, 0x54, 0x56, 0x09, 0x08,
    0x71, 0x34, 0x25, 0x20, 0x42, 0x57, 0x89, 0x90, 0x70, 0x04, 0x03, 0x91, 0x37, 0x41, 0x90, 0x04,
    0x41, 0x14, 0x26, 0x35, 0x15, 0x50, 0x73, 0x68, 0x90, 0x03, 0x72, 0x34, 0x75, 0x25, 0x24, 0x99,
    0x58, 0x07, 0x63, 0x04, 0x94, 0x33, 0x21, 0x92, 0x96, 0x23, 0x88, 0x40, 0x27, 0x60, 0x04, 0x90,
    0x65, 0x26, 0x13, 0x60, 0x82, 0x69, 0x50, 0x53, 0x29, 0x64, 0x06, 0x73, 0x48, 0x76, 0x39, 0x95,
    0x84, 0x25, 0x43, 0x59, 0x39, 0x65, 0x54, 0x46, 0x37, 0x87, 0x39, 0x02, 0x93, 0x92, 0x99, 0x39,
    0x43, 0x63, 0x11, 0x51, 0x39, 0x30, 0x64, 0x89, 0x22, 0x20, 0x01, 0x60, 0x60, 0x32, 0x86, 0x00,
    0x57, 0x59, 0x38, 0x79, 0x47, 0x92, 0x14, 0x05, 0x99, 0x50, 0x99, 0x85, 0x58, 0x59, 0x27, 0x79,
    0x28, 0x31, 0x72, 0x38, 0x32, 0x84, 0x95, 0x29, 0x80, 0x32, 0x66, 0x49, 0x87, 0x05, 0x07, 0x63,
    0x73, 0x23, 0x41, 0x84, 0x66, 0x71, 0x41, 0x00, 0x84, 0x91, 0x22, 0x27, 0x50, 0x01, 0x41, 0x59,
    0x32, 0x13, 0x26, 0x38, 0x68, 0x58, 0x94, 0x27, 0x91, 0x66, 0x06, 0x83, 0x64, 0x59, 0x35, 0x77,
    0x58, 0x69, 0x88, 0x11, 0x13, 0x34, 0x52, 0x57, 0x34, 0x62, 0x30, 0x85, 0x07, 0x73, 0x98, 0x74,
    0x96, 0x09, 0x08, 0x98, 0x26, 0x22, 0x65, 0x08, 0x28, 0x18, 0x46, 0x39, 0x49, 0x64, 0x31, 0x34,
    0x28, 0x39, 0x64, 0x25, 0x82, 0x58, 0x94, 0x16, 0x89, 0x74, 0x14, 0x55, 0x27, 0x90, 0x18, 0x49,
    0x72, 0x39, 0x81, 0x48, 0x58, 0x63, 0x26, 0x43, 0x49, 0x53, 0x15, 0x32, 0x44, 0x27, 0x98, 0x19,
    0x50, 0x07, 0x92, 0x78, 0x23, 0x74, 0x78, 0x05, 0x11, 0x52, 0x61, 0x14, 0x70, 0x05, 0x21, 0x21,
    0x31, 0x72, 0x41, 0x66, 0x83, 0x31, 0x72, 0x36, 0x57, 0x65, 0x39, 0x12, 0x20, 0x79, 0x83, 0x83,
    0x24, 0x07, 0x82, 0x14, 0x58, 0x35, 0x44, 0x34, 0x56, 0x80, 0x68, 0x92, 0x24, 0x01, 0x94, 0x70,
    0x12, 0x59, 0x17, 0x07, 0x89, 0x84, 0x02, 0x16, 0x88, 0x10, 0x01, 0x49, 0x20, 0x69, 0x08, 0x10,
    0x48, 0x01, 0x87, 0x73, 0x66, 0x99, 0x44, 0x16, 0x36, 0x82, 0x60, 0x44, 0x28, 0x14, 0x20, 0x63,
    0x64, 0x33, 0x34, 0x68, 0x68, 0x26, 0x29, 0x36, 0x30, 0x07, 0x87, 0x48, 0x10, 0x78, 0x87, 0x45,
    0x23, 0x49, 0x94, 0x58, 0x45, 0x57, 0x27, 0x56, 0x06, 0x07, 0x32, 0x55, 0x15, 0x66, 0x04, 0x63,
    0x84, 0x30, 0x12, 0x89, 0x81, 0x55, 0x38, 0x55, 0x78, 0x36, 0x31, 0x13, 0x90, 0x91, 0x97, 0x92,
    0x94, 0x99, 0x12, 0x38, 0x84, 0x23, 0x78, 0x96, 0x41, 0x00, 0x62, 0x02, 0x78, 0x26, 0x26, 0x50,
    0x30, 0x32, 0x89, 0x08, 0x29, 0x12, 0x11, 0x95, 0x01, 0x85, 0x22, 0x69, 0x91, 0x25, 0x33, 0x45,
    0x72, 0x80, 0x39, 0x93, 0x73, 0x24, 0x18, 0x63, 0x63, 0x53, 0x54, 0x06, 0x15, 0x80, 0x66, 0x07,
    0x84, 0x55, 0x07, 0x21, 0x41, 0x54, 0x13, 0x95, 0x70, 0x53, 0x11, 0x65, 0x41, 0x80, 0x09, 0x41,
    0x64, 0x29, 0x08, 0x10, 0x98, 0x72, 0x39, 0x84, 0x95, 0x06, 0x00, 0x52, 0x15, 0x17, 0x71, 0x16,
    0x79, 0x48, 0x13, 0x08, 0x54, 0x01, 0x68, 0x40, 0x55, 0x36, 0x10, 0x00, 0x62, 0x89, 0x37, 0x68,
    0x56, 0x92, 0x43, 0x40, 0x33, 0x79, 0x50, 0x45, 0x68, 0x82, 0x71, 0x52, 0x59, 0x13, 0x11, 0x77,
    0x70, 0x37, 0x62, 0x40, 0x25, 0x42, 0x72, 0x72, 0x43, 0x99, 0x45, 0x14, 0x97, 0x47, 0x63, 0x81,
    0x39, 0x74, 0x49, 0x93, 0x74, 0x67, 0x45, 0x92, 0x04, 0x49, 0x98, 0x33, 0x24, 0x44, 0x16, 0x30,
    0x05, 0x84, 0x53, 0x01, 0x34, 0x38, 0x05, 0x31, 0x14, 0x11, 0x24, 0x93, 0x74, 0x74, 0x10, 0x23,
    0x49, 0x01, 0x13, 0x37, 0x91, 0x14, 0x80, 0x09, 0x51, 0x06, 0x33, 0x43, 0x74, 0x62, 0x06, 0x66,
    0x93, 0x10, 0x14, 0x93, 0x22, 0x91, 0x29, 0x84, 0x89, 0x93, 0x11, 0x80, 0x94, 0x35, 0x10, 0x73,
    0x23, 0x03, 0x96, 0x35, 0x40, 0x42, 0x87, 0x76, 0x72, 0x20, 0x37, 0x87, 0x82, 0x56, 0x25, 0x33,
    0x58, 0x04, 0x73, 0x95, 0x06, 0x47, 0x71, 0x07, 0x69, 0x46, 0x36, 0x29, 0x28, 0x80, 0x97, 0x30,
    0x67, 0x20, 0x19, 0x48, 0x11, 0x54, 0x10, 0x92, 0x32, 0x26, 0x14, 0x19, 0x11, 0x78, 0x77, 0x08,
    0x81, 0x84, 0x16, 0x79, 0x41, 0x91, 0x13, 0x95, 0x68, 0x41, 0x06, 0x79, 0x11, 0x28, 0x96, 0x44,
    0x96, 0x16, 0x72, 0x15, 0x44, 0x93, 0x15, 0x77, 0x09, 0x58, 0x92, 0x55, 0x36, 0x54, 0x36, 0x43,
    0x53, 0x09, 0x80, 0x32, 0x87, 0x45, 0x46, 0x17, 0x79, 0x18, 0x55, 0x81, 0x83, 0x69, 0x12, 0x49,
    0x53, 0x04, 0x38, 0x14, 0x67, 0x18, 0x53, 0x18, 0x46, 0x41, 0x82, 0x18, 0x47, 0x22, 0x66, 0x35,
    0x70, 0x57, 0x04, 0x37, 0x53, 0x71, 0x18, 0x20, 0x55, 0x24, 0x95, 0x91, 0x95, 0x79, 0x42, 0x16,
    0x67, 0x88, 0x03, 0x54, 0x42, 0x63, 0x82, 0x80, 0x15, 0x83, 0x05, 0x47, 0x69, 0x62, 0x57, 0x83,
    0x28, 0x05, 0x60, 0x90, 0x72, 0x11, 0x95, 0x29, 0x28, 0x72, 0x32, 0x54, 0x72, 0x01, 0x48, 0x31,
    0x32, 0x74, 0x77, 0x09, 0x25, 0x35, 0x67, 0x35, 0x66, 0x25, 0x56, 0x13, 0x13, 0x53, 0x71, 0x59,
    0x55, 0x68, 0x23, 0x05, 0x62, 0x57, 0x58, 0x41, 0x74, 0x93, 0x57, 0x27, 0x12, 0x01, 0x86, 0x58,
    0x68, 0x72, 0x32, 0x99, 0x85, 0x25, 0x97, 0x56, 0x13, 0x98, 0x14, 0x28, 0x98, 0x22, 0x57, 0x61,
    0x04, 0x95, 0x15, 0x32, 0x28, 0x48, 0x73, 0x45, 0x88, 0x46, 0x13, 0x33, 0x11, 0x60, 0x16, 0x70,
    0x11, 0x43, 0x95, 0x45, 0x14, 0x52, 0x68, 0x52, 0x48, 0x90, 0x89, 0x68, 0x84, 0x86, 0x90, 0x88,
    0x22, 0x89, 0x07, 0x33, 0x20, 0x76, 0x13, 0x13, 0x86, 0x14, 0x35, 0x99, 0x98, 0x19, 0x33, 0x81,
    0x19, 0x41, 0x20, 0x40, 0x67, 0x49, 0x95, 0x63, 0x89, 0x55, 0x81, 0x38, 0x60, 0x18, 0x76, 0x07,
    0x66, 0x33, 0x95, 0x80, 0x01, 0x94, 0x93, 0x36, 0x27, 0x01, 0x40, 0x08, 0x25, 0x13, 0x22, 0x22,
    0x53, 0x31, 0x03, 0x69, 0x42, 0x35, 0x67, 0x09, 0x41, 0x48, 0x99, 0x32, 0x33, 0x48, 0x82, 0x78,
    0x19, 0x53, 0x78, 0x67, 0x82, 0x50, 0x45, 0x31, 0x28, 0x81, 0x80, 0x04, 0x50, 0x32, 0x47, 0x75,
    0x77, 0x24, 0x74, 0x67, 0x22, 0x02, 0x26, 0x79, 0x26, 0x87, 0x05, 0x71, 0x56, 0x63, 0x89, 0x41,
    0x25, 0x13, 0x94, 0x35, 0x48, 0x04, 0x96, 0x48, 0x89, 0x43, 0x00, 0x43, 0x51, 0x46, 0x44, 0x80,
    0x79, 0x32, 0x43, 0x79, 0x39, 0x43, 0x89, 0x39, 0x48, 0x36, 0x34, 0x78, 0x76, 0x51, 0x50, 0x19,
    0x77, 0x84, 0x37, 0x07, 0x42, 0x55, 0x14, 0x50, 0x56, 0x37, 0x82, 0x04, 0x11, 0x98, 0x82, 0x48,
    0x85, 0x25, 0x04, 0x53, 0x95, 0x67, 0x60, 0x82, 0x11, 0x84, 0x83, 0x60, 0x86, 0x38, 0x45, 0x29,
    0x31, 0x98, 0x25, 0x40, 0x92, 0x07, 0x80, 0x18, 0x67, 0x00, 0x36, 0x74, 0x09, 0x90, 0x42, 0x26,
    0x80, 0x02, 0x10, 0x28, 0x59, 0x40, 0x43, 0x70, 0x13, 0x61, 0x69, 0x91, 0x72, 0x62, 0x63, 0x14,
    0x06, 0x03, 0x86, 0x19, 0x77, 0x78, 0x04, 0x25, 0x90, 0x79, 0x22, 0x57, 0x33, 0x59, 0x27, 0x55,
    0x06, 0x87, 0x76, 0x55, 0x32, 0x12, 0x77, 0x44, 0x06, 0x55, 0x19, 0x73, 0x81, 0x95, 0x74, 0x83,
    0x86, 0x68, 0x15, 0x26, 0x18, 0x75, 0x35, 0x60, 0x22, 0x01, 0x89, 0x50, 0x68, 0x13, 0x98, 0x50,
    0x87, 0x40, 0x61, 0x78, 0x41, 0x78, 0x75, 0x26, 0x36, 0x47, 0x33, 0x60, 0x65, 0x76, 0x00, 0x71,
    0x58, 0x11, 0x28, 0x22, 0x55, 0x81, 0x70, 0x06, 0x29, 0x23, 0x42, 0x77, 0x10, 0x93, 0x01, 0x45,
    0x92, 0x80, 0x58, 0x43, 0x23, 0x75, 0x87, 0x79, 0x66, 0x77, 0x73, 0x36, 0x16, 0x90, 0x60, 0x85,
    0x73, 0x74, 0x85, 0x72, 0x96, 0x40, 0x10, 0x39, 0x43, 0x85, 0x05, 0x34, 0x78, 0x12, 0x58, 0x31,
    0x70, 0x78, 0x63, 0x73, 0x50, 0x04, 0x95, 0x46, 0x42, 0x49, 0x59, 0x50, 0x85, 0x74, 0x85, 0x79,
    0x58, 0x06, 0x42, 0x44, 0x63, 0x92, 0x54, 0x92, 0x60, 0x47, 0x33, 0x96, 0x22, 0x05, 0x58, 0x89,
    0x89, 0x41, 0x79, 0x97, 0x97, 0x75, 0x04, 0x46, 0x36, 0x23, 0x53, 0x04, 0x81, 0x62, 0x47, 0x10,
    0x37, 0x72, 0x20, 0x43, 0x79, 0x75, 0x41, 0x16, 0x00, 0x47, 0x94, 0x12, 0x67, 0x30, 0x01, 0x13,
    0x69, 0x06, 0x12, 0x29, 0x95, 0x41, 0x40, 0x80, 0x98, 0x52, 0x81, 0x80, 0x99, 0x74, 0x28, 0x12,
    0x51, 0x80, 0x70, 0x01, 0x06, 0x14, 0x56, 0x17, 0x55, 0x10, 0x65, 0x83, 0x91, 0x56, 0x67, 0x74,
    0x50, 0x52, 0x99, 0x38, 0x68, 0x57, 0x68, 0x92, 0x38, 0x47, 0x69, 0x81, 0x61, 0x62, 0x36, 0x19,
    0x85, 0x42, 0x55, 0x55, 0x99, 0x34, 0x88, 0x91, 0x50, 0x05, 0x37, 0x86, 0x12, 0x74, 0x53, 0x14,
    0x31, 0x58, 0x92, 0x14, 0x00, 0x37, 0x28, 0x36, 0x79, 0x37, 0x25, 0x83, 0x10, 0x39, 0x45, 0x76,
    0x22, 0x84, 0x92, 0x71, 0x18, 0x59, 0x71, 0x71, 0x55, 0x89, 0x70, 0x12, 0x67, 0x01, 0x14, 0x63,
    0x16, 0x49, 0x82, 0x75, 0x18, 0x44, 0x28, 0x04, 0x20, 0x94, 0x39, 0x52, 0x80, 0x01, 0x38, 0x23,
    0x79, 0x93, 0x06, 0x30, 0x71, 0x66, 0x33, 0x96, 0x81, 0x13, 0x90, 0x03, 0x32, 0x79, 0x94, 0x70,
    0x92, 0x22, 0x10, 0x05, 0x91, 0x29, 0x68, 0x50, 0x40, 0x40, 0x62, 0x13, 0x04, 0x78, 0x24, 0x89,
    0x07, 0x24, 0x40, 0x35, 0x34, 0x78, 0x89, 0x02, 0x44, 0x48, 0x06, 0x71, 0x27, 0x41, 0x43, 0x67,
    0x50, 0x23, 0x77, 0x07, 0x58, 0x77, 0x02, 0x57, 0x62, 0x51, 0x31, 0x92, 0x71, 0x37, 0x17, 0x66,
    0x98, 0x83, 0x43, 0x81, 0x10, 0x20, 0x00, 0x86, 0x88, 0x34, 0x44, 0x70, 0x44, 0x90, 0x05, 0x85,
    0x42, 0x17, 0x85, 0x38, 0x84, 0x10, 0x60, 0x25, 0x57, 0x90, 0x97, 0x49, 0x95, 0x85, 0x25, 0x76,
    0x71, 0x65, 0x47, 0x21, 0x17, 0x55, 0x79, 0x48, 0x85, 0x80, 0x47, 0x06, 0x29, 0x73, 0x96, 0x64,
    0x85, 0x06, 0x09, 0x97, 0x49, 0x26, 0x61, 0x12, 0x80, 0x32, 0x19, 0x26, 0x84, 0x92, 0x67, 0x99,
    0x79, 0x93, 0x45, 0x70, 0x04, 0x86, 0x37, 0x23, 0x28, 0x64, 0x03, 0x47, 0x78, 0x51, 0x43, 0x74,
    0x36, 0x28, 0x89, 0x11, 0x10, 0x64, 0x92, 0x45, 0x79, 0x05, 0x38, 0x32, 0x52, 0x84, 0x35, 0x86,
    0x58, 0x90, 0x80, 0x15, 0x17, 0x66, 0x28, 0x19, 0x16, 0x00, 0x81, 0x84, 0x10, 0x52, 0x38, 0x05,
    0x33, 0x45, 0x97, 0x44, 0x78, 0x60, 0x01, 0x01, 0x90, 0x49, 0x23, 0x55, 0x77, 0x42, 0x76, 0x04,
    0x40, 0x66, 0x57, 0x96, 0x49, 0x88, 0x53, 0x88, 0x62, 0x33, 0x09, 0x21, 0x09, 0x41, 0x27, 0x89,
    0x32, 0x90, 0x20, 0x21, 0x98, 0x83, 0x94, 0x20, 0x33, 0x71, 0x72, 0x89, 0x09, 0x58, 0x67, 0x61,
    0x99, 0x89, 0x50, 0x62, 0x70, 0x77, 0x64, 0x03, 0x05, 0x23, 0x82, 0x31, 0x60, 0x00, 0x18, 0x43,
    0x86, 0x19, 0x05, 0x53, 0x56, 0x35, 0x04, 0x94, 0x17, 0x68, 0x55, 0x69, 0x78, 0x70, 0x51, 0x90,
    0x32, 0x33, 0x98, 0x16, 0x17, 0x37, 0x66, 0x99, 0x49, 0x32, 0x24, 0x24, 0x64, 0x01, 0x56, 0x53,
    0x31, 0x76, 0x59, 0x19, 0x95, 0x44, 0x33, 0x24, 0x25, 0x97, 0x16, 0x28, 0x36, 0x07, 0x29, 0x63,
    0x50, 0x28, 0x65, 0x38, 0x66, 0x98, 0x31, 0x69, 0x36, 0x96, 0x05, 0x84, 0x47, 0x90, 0x07, 0x94,
    0x47, 0x70, 0x81, 0x63, 0x43, 0x15, 0x04, 0x84, 0x99, 0x24, 0x92, 0x50, 0x62, 0x20, 0x94, 0x42,
    0x74, 0x59, 0x93, 0x81, 0x11, 0x29, 0x68, 0x14, 0x96, 0x48, 0x22, 0x23, 0x75, 0x99, 0x20, 0x54,
    0x87, 0x45, 0x03, 0x14, 0x86, 0x88, 0x80, 0x33, 0x08, 0x32, 0x63, 0x68, 0x75, 0x85, 0x14, 0x47,
    0x40, 0x63, 0x17, 0x69, 0x63, 0x21, 0x99, 0x25, 0x10, 0x91, 0x04, 0x58, 0x46, 0x60, 0x01, 0x60,
    0x01, 0x56, 0x88, 0x94, 0x87, 0x55, 0x84, 0x12, 0x20, 0x43, 0x69, 0x64, 0x19, 0x96, 0x32, 0x17,
    0x94, 0x77, 0x59, 0x06, 0x26, 0x47, 0x48, 0x92, 0x19, 0x08, 0x57, 0x51, 0x74, 0x92, 0x35, 0x50,
    0x47, 0x92, 0x48, 0x61, 0x92, 0x69, 0x69, 0x34, 0x43, 0x52, 0x31, 0x38, 0x08, 0x97, 0x67, 0x33,
    0x06, 0x70, 0x76, 0x66, 0x67, 0x56, 0x82, 0x02, 0x58, 0x28, 0x08, 0x24, 0x26, 0x63, 0x82, 0x07,
    0x86, 0x56, 0x17, 0x69, 0x64, 0x44, 0x97, 0x09, 0x24, 0x79, 0x94, 0x33, 0x33, 0x75, 0x31, 0x43,
    0x12, 0x78, 0x07, 0x00, 0x47, 0x33, 0x36, 0x27, 0x69, 0x29, 0x06, 0x46, 0x86, 0x78, 0x55, 0x33,
    0x67, 0x84, 0x92, 0x27, 0x91, 0x73, 0x18, 0x75, 0x22, 0x14, 0x14, 0x28, 0x53, 0x82, 0x10, 0x28,
    0x29, 0x09, 0x43, 0x63, 0x37, 0x18, 0x97, 0x93, 0x46, 0x90, 0x43, 0x96, 0x52, 0x54, 0x48, 0x18,
    0x10, 0x92, 0x77, 0x99, 0x24, 0x74, 0x00, 0x48, 0x64, 0x14, 0x30, 0x87, 0x37, 0x44, 0x43, 0x01,
    0x87, 0x48, 0x97, 0x72, 0x29, 0x03, 0x28, 0x43, 0x46, 0x83, 0x98, 0x49, 0x46, 0x65, 0x44, 0x55,
    0x00, 0x59, 0x75, 0x03, 0x49, 0x64, 0x60, 0x43, 0x54, 0x88, 0x45, 0x76, 0x12, 0x86, 0x91, 0x72,
    0x68, 0x07, 0x24, 0x59, 0x39, 0x81, 0x28, 0x49, 0x46, 0x69, 0x11, 0x88, 0x48, 0x88, 0x69, 0x30,
    0x09, 0x60, 0x46, 0x33, 0x52, 0x97, 0x61, 0x22, 0x16, 0x44, 0x30, 0x74, 0x22, 0x37, 0x91, 0x88,
    0x85, 0x80, 0x74, 0x59, 0x71, 0x31, 0x11, 0x81, 0x07, 0x27, 0x23, 0x60, 0x53, 0x89, 0x01, 0x70,
    0x54, 0x07, 0x84, 0x63, 0x43, 0x44, 0x54, 0x19, 0x65, 0x95, 0x85, 0x55, 0x28, 0x54, 0x29, 0x50,
    0x81, 0x99, 0x32, 0x74, 0x72, 0x42, 0x92, 0x32, 0x42, 0x74, 0x37, 0x69, 0x40, 0x14, 0x46, 0x04,
    0x58, 0x15, 0x38, 0x11, 0x65, 0x45, 0x19, 0x61, 0x37, 0x01, 0x48, 0x46, 0x87, 0x82, 0x05, 0x75,
    0x32, 0x67, 0x23, 0x18, 0x17, 0x55, 0x69, 0x81, 0x51, 0x85, 0x76, 0x41, 0x89, 0x92, 0x46, 0x88,
    0x09, 0x73, 0x50, 0x72, 0x63, 0x78, 0x90, 0x37, 0x42, 0x56, 0x63, 0x26, 0x06, 0x23, 0x84, 0x16,
    0x07, 0x78, 0x24, 0x12, 0x35, 0x07, 0x39, 0x85, 0x10, 0x34, 0x50, 0x32, 0x93, 0x51, 0x53, 0x05,
    0x48, 0x94, 0x05, 0x29, 0x41, 0x82, 0x12, 0x74, 0x60, 0x18, 0x66, 0x87, 0x66, 0x41, 0x70, 0x64,
    0x04, 0x38, 0x13, 0x97, 0x55, 0x34, 0x65, 0x36, 0x36, 0x94, 0x23, 0x56, 0x81, 0x97, 0x86, 0x94,
    0x00, 0x88, 0x97, 0x80, 0x48, 0x98, 0x55, 0x29, 0x30, 0x76, 0x15, 0x79, 0x53, 0x99, 0x87, 0x33,
    0x18, 0x08, 0x77, 0x81, 0x84, 0x68, 0x81, 0x27, 0x49, 0x87, 0x76, 0x65, 0x34, 0x57, 0x09, 0x05,
    0x89, 0x27, 0x55, 0x02, 0x51, 0x89, 0x64, 0x10, 0x69, 0x91, 0x77, 0x02, 0x19, 0x76, 0x90, 0x84,
    0x18, 0x68, 0x76, 0x43, 0x25, 0x23, 0x80, 0x24, 0x54, 0x02, 0x87, 0x78, 0x76, 0x40, 0x22, 0x40,
    0x50, 0x19, 0x62, 0x40, 0x41, 0x82, 0x58, 0x04, 0x60, 0x87, 0x91, 0x81, 0x00, 0x30, 0x72, 0x35,
    0x76, 0x81, 0x97, 0x15, 0x28, 0x26, 0x74, 0x77, 0x41, 0x88, 0x81, 0x02, 0x41, 0x55, 0x11, 0x03,
    0x75, 0x07, 0x75, 0x35, 0x40, 0x79, 0x38, 0x54, 0x88, 0x45, 0x22, 0x15, 0x95, 0x92, 0x10, 0x44,
    0x83, 0x45, 0x10, 0x14, 0x83, 0x86, 0x43, 0x63, 0x75, 0x43, 0x92, 0x95, 0x65, 0x98, 0x74, 0x24,
    0x95, 0x51, 0x20, 0x28, 0x05, 0x94, 0x74, 0x63, 0x19, 0x38, 0x96, 0x26, 0x30, 0x15, 0x77, 0x47,
    0x15, 0x23, 0x42, 0x55, 0x67, 0x20, 0x45, 0x35, 0x23, 0x43, 0x49, 0x48, 0x39, 0x70, 0x85, 0x71,
    0x30, 0x68, 0x56, 0x15, 0x48, 0x20, 0x86, 0x23, 0x73, 0x92, 0x85, 0x30, 0x34, 0x75, 0x06, 0x70,
    0x54, 0x91, 0x35, 0x64, 0x84, 0x88, 0x48, 0x34, 0x30, 0x51, 0x94, 0x99, 0x25, 0x64, 0x86, 0x63,
    0x12, 0x90, 0x40, 0x94, 0x52, 0x05, 0x32, 0x94, 0x62, 0x60, 0x45, 0x86, 0x61, 0x51, 0x47, 0x81,
    0x57, 0x35, 0x13, 0x89, 0x95, 0x33, 0x10, 0x35, 0x59, 0x91, 0x19, 0x17, 0x07, 0x26, 0x15, 0x40,
    0x04, 0x01, 0x33, 0x76, 0x36, 0x41, 0x69, 0x70, 0x72, 0x06, 0x51, 0x99, 0x37, 0x39, 0x56, 0x76,
    0x96, 0x07, 0x78, 0x34, 0x39, 0x92, 0x34, 0x36, 0x91, 0x23, 0x76, 0x02, 0x15, 0x08, 0x43, 0x76,
    0x54, 0x69, 0x11, 0x74, 0x82, 0x03, 0x00, 0x84, 0x47, 0x62, 0x55, 0x48, 0x04, 0x96, 0x30, 0x02,
    0x41, 0x11, 0x11, 0x91, 0x82, 0x33, 0x50, 0x83, 0x21, 0x05, 0x55, 0x43, 0x97, 0x67, 0x98, 0x41,
    0x69, 0x98, 0x23, 0x67, 0x55, 0x64, 0x09, 0x47, 0x99, 0x93, 0x92, 0x73, 0x95, 0x78, 0x04, 0x26,
    0x44, 0x06, 0x07, 0x62, 0x95, 0x33, 0x21, 0x29, 0x98, 0x11, 0x27, 0x09, 0x46, 0x93, 0x80, 0x98,
    0x44, 0x69, 0x95, 0x89, 0x21, 0x09, 0x33, 0x20, 0x30, 0x83, 0x68, 0x93, 0x96, 0x08, 0x11, 0x74,
    0x00, 0x73, 0x65, 0x19, 0x79, 0x88, 0x54, 0x60, 0x96, 0x29, 0x26, 0x74, 0x61, 0x05, 0x37, 0x72,
    0x05, 0x95, 0x39, 0x09, 0x07, 0x34, 0x59, 0x08, 0x19, 0x23, 0x63, 0x29, 0x75, 0x24, 0x98, 0x87,
    0x49, 0x68, 0x58, 0x15, 0x74, 0x16, 0x56, 0x25, 0x19, 0x14, 0x73, 0x62, 0x76, 0x66, 0x83, 0x19,
    0x12, 0x50, 0x16, 0x72, 0x27, 0x70, 0x81, 0x05, 0x65, 0x35, 0x57, 0x38, 0x40, 0x83, 0x43, 0x78,
    0x81, 0x20, 0x74, 0x60, 0x69, 0x02, 0x77, 0x42, 0x26, 0x42, 0x06, 0x50, 0x11, 0x62, 0x10, 0x17,
    0x45, 0x04, 0x30, 0x50, 0x90, 0x49, 0x20, 0x65, 0x10, 0x23, 0x18, 0x95, 0x02, 0x91, 0x37, 0x32,
    0x30, 0x30, 0x66, 0x89, 0x64, 0x16, 0x72, 0x51, 0x86, 0x40, 0x54, 0x64, 0x50, 0x35, 0x30, 0x08,
    0x29, 0x66, 0x38, 0x97, 0x72, 0x89, 0x73, 0x37, 0x01, 0x73, 0x64, 0x04, 0x15, 0x80, 0x14, 0x53,
    0x55, 0x51, 0x44, 0x91, 0x11, 0x58, 0x72, 0x25, 0x74, 0x36, 0x41, 0x53, 0x20, 0x44, 0x71, 0x51,
    0x86, 0x10, 0x91, 0x95, 0x38, 0x61, 0x79, 0x48, 0x36, 0x30, 0x74, 0x84, 0x98, 0x89, 0x99, 0x15,
    0x91, 0x38, 0x86, 0x68, 0x99, 0x43, 0x30, 0x86, 0x31, 0x70, 0x67, 0x97, 0x17, 0x50, 0x44, 0x43,
    0x64, 0x37, 0x96, 0x45, 0x66, 0x08, 0x87, 0x67, 0x03, 0x04, 0x50, 0x06, 0x62, 0x72, 0x78, 0x81,
    0x05, 0x25, 0x70, 0x31, 0x35, 0x21, 0x87, 0x01, 0x03, 0x64, 0x94, 0x63, 0x84, 0x74, 0x46, 0x66,
    0x64, 0x59, 0x52, 0x77, 0x32, 0x83, 0x49, 0x82, 0x71, 0x30, 0x19, 0x56, 0x97, 0x96, 0x47, 0x77,
    0x40, 0x71, 0x14, 0x52, 0x12, 0x25, 0x52, 0x96, 0x82, 0x79, 0x18, 0x22, 0x55, 0x43, 0x00, 0x23,
    0x06, 0x43, 0x10, 0x66, 0x69, 0x41, 0x99, 0x47, 0x48, 0x12, 0x70, 0x38, 0x06, 0x45, 0x21, 0x50,
    0x03, 0x11, 0x98, 0x22, 0x39, 0x57, 0x38, 0x32, 0x86, 0x40, 0x70, 0x38, 0x22, 0x26, 0x19, 0x50,
    0x26, 0x12, 0x27, 0x64, 0x48, 0x29, 0x96, 0x04, 0x80, 0x01, 0x09, 0x17, 0x17, 0x35, 0x36, 0x28,
    0x79, 0x25, 0x11, 0x01, 0x88, 0x36, 0x93, 0x88, 0x87, 0x63, 0x37, 0x05, 0x03, 0x51, 0x51, 0x78,
    0x73, 0x60, 0x66, 0x75, 0x49, 0x77, 0x58, 0x68, 0x44, 0x71, 0x48, 0x10, 0x07, 0x13, 0x70, 0x90,
    0x61, 0x84, 0x00, 0x72, 0x31, 0x37, 0x83, 0x19, 0x05, 0x54, 0x94, 0x61, 0x45, 0x94, 0x02, 0x74,
    0x72, 0x99, 0x33, 0x98, 0x96, 0x24, 0x05, 0x50, 0x53, 0x48, 0x01, 0x00, 0x46, 0x74, 0x70, 0x27,
    0x08, 0x36, 0x65, 0x71, 0x10, 0x15, 0x88, 0x74, 0x94, 0x83, 0x38, 0x45, 0x02, 0x19, 0x97, 0x56,
    0x56, 0x54, 0x13, 0x41, 0x34, 0x49, 0x14, 0x61, 0x09, 0x63, 0x78, 0x61, 0x20, 0x37, 0x27, 0x14,
    0x57, 0x35, 0x27, 0x52, 0x62, 0x57, 0x34, 0x36, 0x26, 0x11, 0x01, 0x64, 0x61, 0x72, 0x49, 0x42,
    0x43, 0x46, 0x68, 0x36, 0x74, 0x98, 0x57, 0x38, 0x61, 0x33, 0x17, 0x75, 0x50, 0x19, 0x25, 0x97,
    0x17, 0x18, 0x63, 0x96, 0x26, 0x15, 0x82, 0x96, 0x63, 0x50, 0x41, 0x88, 0x21, 0x65, 0x71, 0x34,
    0x37, 0x74, 0x67, 0x36, 0x00, 0x98, 0x09, 0x03, 0x74, 0x10, 0x66, 0x87, 0x02, 0x31, 0x04, 0x21,
    0x31, 0x56, 0x09, 0x10, 0x80, 0x98, 0x24, 0x55, 0x99, 0x36, 0x39, 0x50, 0x20, 0x06, 0x94, 0x07,
    0x06, 0x63, 0x35, 0x23, 0x20, 0x46, 0x31, 0x47, 0x68, 0x77, 0x77, 0x20, 0x06, 0x70, 0x71, 0x41,
    0x94, 0x27, 0x30, 0x12, 0x38, 0x53, 0x03, 0x82, 0x70, 0x41, 0x84, 0x07, 0x00, 0x84, 0x28, 0x14,
    0x00, 0x79, 0x78, 0x40, 0x86, 0x69, 0x84, 0x78, 0x89, 0x28, 0x58, 0x35, 0x59, 0x06, 0x04, 0x29,
    0x00, 0x41, 0x32, 0x66, 0x41, 0x99, 0x87, 0x67, 0x84, 0x53, 0x70, 0x00, 0x62, 0x63, 0x36, 0x58,
    0x29, 0x40, 0x87, 0x56, 0x67, 0x31, 0x10, 0x43, 0x57, 0x07, 0x42, 0x62, 0x19, 0x29, 0x47, 0x91,
    0x97, 0x79, 0x48, 0x14, 0x58, 0x99, 0x61, 0x91, 0x05, 0x21, 0x70, 0x31, 0x38, 0x77, 0x09, 0x00,
    0x17, 0x70, 0x55, 0x99, 0x05, 0x33, 0x92, 0x44, 0x60, 0x56, 0x26, 0x16, 0x35, 0x39, 0x30, 0x74,
    0x05, 0x18, 0x59, 0x88, 0x53, 0x98, 0x83, 0x83, 0x38, 0x00, 0x10, 0x53, 0x87, 0x33, 0x77, 0x66,
    0x38, 0x08, 0x74, 0x97, 0x08, 0x17, 0x16, 0x64, 0x63, 0x41, 0x00, 0x79, 0x39, 0x69, 0x06, 0x64,
    0x73, 0x93, 0x69, 0x08, 0x21, 0x97, 0x10, 0x58, 0x61, 0x69, 0x53, 0x71, 0x94, 0x80, 0x44, 0x54,
    0x78, 0x11, 0x72, 0x09, 0x37, 0x46, 0x94, 0x76, 0x24, 0x62, 0x00, 0x51, 0x60, 0x63, 0x77, 0x10,
    0x52, 0x66, 0x11, 0x41, 0x89, 0x99, 0x41, 0x53, 0x61, 0x61, 0x92, 0x39, 0x16, 0x30, 0x74, 0x69,
    0x92, 0x89, 0x96, 0x38, 0x15, 0x30, 0x62, 0x86, 0x82, 0x01, 0x88, 0x32, 0x01, 0x32, 0x68, 0x05,
    0x47, 0x81, 0x36, 0x61, 0x48, 0x42, 0x76, 0x34, 0x60, 0x13, 0x37, 0x62, 0x41, 0x16, 0x59, 0x37,
    0x47, 0x33, 0x65, 0x19, 0x33, 0x26, 0x62, 0x24, 0x18, 0x09, 0x74, 0x21, 0x25, 0x34, 0x50, 0x73,
    0x60, 0x10, 0x70, 0x01, 0x04, 0x75, 0x33, 0x15, 0x87, 0x36, 0x44, 0x40, 0x14, 0x69, 0x77, 0x68,
    0x38, 0x02, 0x41, 0x49, 0x30, 0x41, 0x33, 0x14, 0x23, 0x93, 0x22, 0x45, 0x26, 0x04, 0x60, 0x05,
    0x50, 0x18, 0x83, 0x58, 0x97, 0x78, 0x34, 0x12, 0x03, 0x57, 0x06, 0x38, 0x23, 0x98, 0x13, 0x23,
    0x34, 0x65, 0x81, 0x01, 0x66, 0x65, 0x15, 0x73, 0x29, 0x43, 0x44, 0x56, 0x25, 0x80, 0x25, 0x34,
    0x08, 0x25, 0x38, 0x25, 0x33, 0x98, 0x45, 0x62, 0x95, 0x22, 0x69, 0x56, 0x21, 0x10, 0x80, 0x37,
    0x85, 0x96, 0x06, 0x22, 0x00, 0x90, 0x90, 0x69, 0x11, 0x50, 0x32, 0x97, 0x24, 0x21, 0x11, 0x37,
    0x69, 0x30, 0x14, 0x69, 0x75, 0x84, 0x80, 0x62, 0x08, 0x20, 0x18, 0x96, 0x90, 0x83, 0x82, 0x43,
    0x02, 0x19, 0x36, 0x05, 0x56, 0x02, 0x72, 0x07, 0x82, 0x03, 0x18, 0x00, 0x86, 0x40, 0x37, 0x51,
    0x55, 0x05, 0x03, 0x57, 0x70, 0x84, 0x24, 0x94, 0x29, 0x29, 0x03, 0x90, 0x52, 0x44, 0x49, 0x55,
    0x53, 0x60, 0x28, 0x64, 0x76, 0x06, 0x88, 0x81, 0x36, 0x26, 0x87, 0x47, 0x31, 0x16, 0x32, 0x46,
    0x48, 0x62, 0x35, 0x92, 0x42, 0x74, 0x74, 0x47, 0x02, 0x98, 0x18, 0x23, 0x57, 0x74, 0x08, 0x27,
    0x34, 0x45, 0x61, 0x51, 0x58, 0x79, 0x29, 0x69, 0x77, 0x06, 0x81, 0x27, 0x19, 0x04, 0x46, 0x07,
    0x04, 0x26, 0x40, 0x19, 0x95, 0x68, 0x84, 0x86, 0x05, 0x09, 0x71, 0x35, 0x46, 0x71, 0x13, 0x54,
    0x80, 0x50, 0x12, 0x07, 0x90, 0x99, 0x24, 0x00, 0x75, 0x90, 0x11, 0x17, 0x87, 0x00, 0x96, 0x23,
    0x64, 0x96, 0x01, 0x94, 0x07, 0x06, 0x68, 0x84, 0x50, 0x93, 0x35, 0x32, 0x02, 0x23, 0x49, 0x49,
    0x34, 0x59, 0x25, 0x07, 0x25, 0x24, 0x76, 0x41, 0x95, 0x30, 0x03, 0x55, 0x32, 0x06, 0x81, 0x78,
    0x84, 0x56, 0x53, 0x10, 0x69, 0x89, 0x46, 0x25, 0x19, 0x17, 0x04, 0x10, 0x53, 0x57, 0x46, 0x78,
    0x06, 0x14, 0x08, 0x60, 0x50, 0x38, 0x28, 0x79, 0x69, 0x15, 0x11, 0x57, 0x93, 0x27, 0x17, 0x89,
    0x41, 0x63, 0x12, 0x00, 0x04, 0x37, 0x34, 0x06, 0x94, 0x01, 0x17, 0x75, 0x46, 0x47, 0x15, 0x63,
    0x21, 0x60, 0x49, 0x31, 0x34, 0x85, 0x64, 0x41, 0x16, 0x29, 0x00, 0x16, 0x37, 0x81, 0x42, 0x26,
    0x21, 0x30, 0x35, 0x61, 0x63, 0x79, 0x13, 0x74, 0x02, 0x15, 0x46, 0x06, 0x46, 0x12, 0x24, 0x80,
    0x99, 0x28, 0x26, 0x78, 0x60, 0x58, 0x85, 0x17, 0x80, 0x56, 0x51, 0x79, 0x72, 0x96, 0x24, 0x49,
    0x23, 0x68, 0x45, 0x04, 0x00, 0x38, 0x31, 0x99, 0x25, 0x45, 0x39, 0x11, 0x49, 0x12, 0x90, 0x00,
    0x12, 0x52, 0x64, 0x28, 0x30, 0x53, 0x77, 0x65, 0x90, 0x95, 0x26, 0x01, 0x25, 0x63, 0x22, 0x32,
    0x17, 0x80, 0x52, 0x81, 0x06, 0x51, 0x97, 0x93, 0x08, 0x03, 0x14, 0x93, 0x13, 0x55, 0x62, 0x61,
    0x47, 0x13, 0x91, 0x57, 0x57, 0x64, 0x89, 0x21, 0x89, 0x99, 0x02, 0x57, 0x44, 0x74, 0x75, 0x35,
    0x75, 0x69, 0x11, 0x53, 0x70, 0x60, 0x97, 0x50, 0x91, 0x53, 0x07, 0x89, 0x58, 0x40, 0x43, 0x33,
    0x62, 0x93, 0x32, 0x60, 0x42, 0x35, 0x77, 0x91, 0x83, 0x71, 0x73, 0x82, 0x31, 0x24, 0x28, 0x00,
    0x75, 0x21, 0x46, 0x87, 0x39, 0x02, 0x53, 0x98, 0x67, 0x00, 0x05, 0x22, 0x11, 0x22, 0x66, 0x06,
    0x60, 0x96, 0x76, 0x48, 0x31, 0x85, 0x69, 0x11, 0x51, 0x15, 0x81, 0x54, 0x93, 0x72, 0x56, 0x04,
    0x21, 0x31, 0x23, 0x61, 0x87, 0x07, 0x29, 0x79, 0x86, 0x53, 0x58, 0x83, 0x30, 0x34, 0x12, 0x60,
    0x87, 0x96, 0x45, 0x50, 0x65, 0x05, 0x72, 0x63, 0x38, 0x42, 0x27, 0x12, 0x26, 0x20, 0x63, 0x54,
    0x55, 0x63, 0x38, 0x53, 0x95, 0x44, 0x50, 0x06, 0x80, 0x64, 0x35, 0x03, 0x89, 0x21, 0x97, 0x93,
    0x27, 0x70, 0x11, 0x39, 0x55, 0x28, 0x80, 0x06, 0x84, 0x93, 0x74, 0x44, 0x62, 0x28, 0x37, 0x61,
    0x52, 0x91, 0x96, 0x63, 0x85, 0x40, 0x04, 0x78, 0x04, 0x33, 0x61, 0x46, 0x26, 0x37, 0x06, 0x07,
    0x34, 0x21, 0x61, 0x18, 0x59, 0x16, 0x48, 0x85, 0x18, 0x00, 0x47, 0x28, 0x80, 0x87, 0x15, 0x99,
    0x55, 0x01, 0x78, 0x14, 0x11, 0x33, 0x98, 0x30, 0x13, 0x76, 0x12, 0x87, 0x75, 0x93, 0x67, 0x58,
    0x40, 0x40, 0x47, 0x20, 0x87, 0x61, 0x53, 0x40, 0x99, 0x96, 0x89, 0x90, 0x16, 0x15, 0x43, 0x97,
    0x56, 0x47, 0x57, 0x17, 0x41, 0x21, 0x84, 0x02, 0x91, 0x07, 0x67, 0x82, 0x63, 0x06, 0x19, 0x44,
    0x37, 0x45, 0x21, 0x67, 0x36, 0x57, 0x98, 0x14, 0x95, 0x73, 0x14, 0x87, 0x86, 0x58, 0x42, 0x74,
    0x22, 0x25, 0x76, 0x21, 0x37, 0x08, 0x19, 0x36, 0x60, 0x62, 0x00, 0x30, 0x94, 0x03, 0x10, 0x22,
    0x51, 0x51, 0x29, 0x87, 0x67, 0x68, 0x14, 0x60, 0x65, 0x79, 0x90, 0x84, 0x09, 0x86, 0x51, 0x37,
    0x61, 0x20, 0x97, 0x11, 0x15, 0x67, 0x60, 0x05, 0x10, 0x31, 0x90, 0x55, 0x09, 0x11, 0x55, 0x90,
    0x93, 0x04, 0x95, 0x64, 0x04, 0x39, 0x07, 0x21, 0x82, 0x34, 0x06, 0x53, 0x09, 0x97, 0x50, 0x55,
    0x56, 0x95, 0x58, 0x72, 0x97, 0x39, 0x36, 0x12, 0x08, 0x37, 0x69, 0x55, 0x27, 0x31, 0x75, 0x50,
    0x04, 0x42, 0x30, 0x16, 0x28, 0x65, 0x06, 0x75, 0x39, 0x74, 0x11, 0x16, 0x54, 0x12, 0x19, 0x50,
    0x01, 0x97, 0x94, 0x90, 0x82, 0x27, 0x39, 0x05, 0x93, 0x90, 0x85, 0x23, 0x41, 0x82, 0x32, 0x79,
    0x95, 0x01, 0x43, 0x00, 0x87, 0x13, 0x53, 0x22, 0x89, 0x93, 0x19, 0x84, 0x91, 0x42, 0x32, 0x56,
    0x62, 0x58, 0x28, 0x66, 0x75, 0x87, 0x49, 0x26, 0x56, 0x08, 0x64, 0x41, 0x65, 0x21, 0x80, 0x42,
    0x43, 0x64, 0x54, 0x94, 0x41, 0x87, 0x11, 0x58, 0x60, 0x39, 0x58, 0x06, 0x00, 0x51, 0x64, 0x93,
    0x15, 0x16, 0x55, 0x72, 0x68, 0x85, 0x31, 0x28, 0x42, 0x79, 0x97, 0x49, 0x76, 0x50, 0x09, 0x79,
    0x69, 0x52, 0x35, 0x54, 0x72, 0x09, 0x43, 0x91, 0x74, 0x76, 0x94, 0x25, 0x20, 0x19, 0x17, 0x30,
    0x16, 0x71, 0x29, 0x12, 0x38, 0x85, 0x26, 0x45, 0x99, 0x89, 0x30, 0x23, 0x75, 0x29, 0x01, 0x33,
    0x21, 0x80, 0x29, 0x01, 0x83, 0x62, 0x73, 0x23, 0x72, 0x35, 0x39, 0x61, 0x40, 0x66, 0x40, 0x23,
    0x15, 0x68, 0x60, 0x13, 0x96, 0x98, 0x00, 0x74, 0x30, 0x17, 0x02, 0x97, 0x62, 0x69, 0x83, 0x20,
    0x39, 0x12, 0x77, 0x46, 0x03, 0x02, 0x93, 0x58, 0x34, 0x93, 0x01, 0x23, 0x05, 0x59, 0x77, 0x07,
    0x50, 0x35, 0x09, 0x80, 0x85, 0x65, 0x05, 0x50, 0x60, 0x86, 0x71, 0x80, 0x13, 0x48, 0x31, 0x84,
    0x41, 0x47, 0x38, 0x98, 0x03, 0x79, 0x55, 0x10, 0x74, 0x70, 0x31, 0x97, 0x97, 0x11, 0x87, 0x97,
    0x95, 0x94, 0x01, 0x12, 0x96, 0x66, 0x89, 0x55, 0x21, 0x45, 0x71, 0x03, 0x96, 0x80, 0x61, 0x32,
    0x27, 0x92, 0x38, 0x63, 0x05, 0x35, 0x31, 0x15, 0x79, 0x05, 0x79, 0x26, 0x79, 0x30, 0x71, 0x03,
    0x69, 0x25, 0x94, 0x29, 0x64, 0x27, 0x89, 0x03, 0x97, 0x63, 0x84, 0x13, 0x21, 0x54, 0x50, 0x95,
    0x54, 0x63, 0x88, 0x04, 0x94, 0x23, 0x12, 0x49, 0x18, 0x52, 0x88, 0x38, 0x18, 0x93, 0x15, 0x42,
    0x56, 0x85, 0x61, 0x41, 0x51, 0x22, 0x30, 0x24, 0x49, 0x97, 0x32, 0x90, 0x80, 0x88, 0x53, 0x11,
    0x71, 0x00, 0x87, 0x58, 0x93, 0x97, 0x06, 0x67, 0x78, 0x30, 0x56, 0x96, 0x46, 0x95, 0x91, 0x19,
    0x82, 0x73, 0x87, 0x05, 0x20, 0x14, 0x84, 0x08, 0x31, 0x01, 0x03, 0x14, 0x06, 0x16, 0x02, 0x02,
    0x86, 0x55, 0x47, 0x10, 0x63, 0x72, 0x53, 0x20, 0x90, 0x28, 0x94, 0x31, 0x92, 0x93, 0x07, 0x33,
    0x65, 0x46, 0x42, 0x26, 0x99, 0x26, 0x68, 0x65, 0x05, 0x85, 0x17, 0x76, 0x66, 0x70, 0x74, 0x36,
    0x66, 0x47, 0x70, 0x31, 0x70, 0x84, 0x40, 0x76, 0x95, 0x42, 0x01, 0x92, 0x80, 0x84, 0x60, 0x68,
    0x21, 0x78, 0x92, 0x13, 0x11, 0x97, 0x01, 0x87, 0x57, 0x50, 0x43, 0x34, 0x05, 0x08, 0x02, 0x50,
    0x16, 0x83, 0x59, 0x43, 0x91, 0x83, 0x01, 0x28, 0x84, 0x50, 0x80, 0x94, 0x39, 0x68, 0x10, 0x50,
    0x72, 0x48, 0x39, 0x67, 0x42, 0x64, 0x45, 0x59, 0x75, 0x11, 0x11, 0x99, 0x93, 0x84, 0x50, 0x58,
    0x37, 0x94, 0x58, 0x65, 0x73, 0x49, 0x54, 0x81, 0x06, 0x99, 0x30, 0x89, 0x81, 0x33, 0x99, 0x58,
    0x52, 0x36, 0x71, 0x67, 0x28, 0x69, 0x48, 0x32, 0x77, 0x88, 0x35, 0x99, 0x57, 0x43, 0x30, 0x88,
    0x02, 0x05, 0x61, 0x03, 0x41, 0x27, 0x76, 0x23, 0x76, 0x36, 0x52, 0x50, 0x43, 0x82, 0x65, 0x34,
    0x97, 0x45, 0x62, 0x50, 0x77, 0x38, 0x39, 0x74, 0x10, 0x05, 0x88, 0x82, 0x87, 0x58, 0x04, 0x79,
    0x84, 0x47, 0x97, 0x74, 0x44, 0x37, 0x47, 0x68, 0x91, 0x72, 0x91, 0x73, 0x53, 0x63, 0x50, 0x88,
    0x10, 0x11, 0x39, 0x41, 0x91, 0x56, 0x01, 0x79, 0x30, 0x85, 0x50, 0x95, 0x29, 0x24, 0x89, 0x40,
    0x23, 0x92, 0x47, 0x90, 0x97, 0x73, 0x02, 0x84, 0x01, 0x37, 0x04, 0x60, 0x69, 0x75, 0x71, 0x90,
    0x01, 0x24, 0x12, 0x40, 0x32, 0x29, 0x39, 0x42, 0x18, 0x51, 0x38, 0x66, 0x61, 0x81, 0x52, 0x07,
    0x18, 0x34, 0x85, 0x25, 0x20, 0x68, 0x89, 0x37, 0x55, 0x64, 0x39, 0x00, 0x27, 0x98, 0x36, 0x38,
    0x99, 0x91, 0x67, 0x78, 0x83, 0x28, 0x65, 0x67, 0x69, 0x21, 0x32, 0x34, 0x51, 0x52, 0x15, 0x04,
    0x25, 0x25, 0x03, 0x30, 0x31, 0x77, 0x22, 0x99, 0x98, 0x25, 0x92, 0x69, 0x23, 0x11, 0x66, 0x18,
    0x03, 0x24, 0x80, 0x45, 0x03, 0x89, 0x45, 0x89, 0x07, 0x27, 0x91, 0x18, 0x32, 0x27, 0x60, 0x31,
    0x40, 0x61, 0x27, 0x91, 0x64, 0x60, 0x74, 0x91, 0x29, 0x26, 0x49, 0x03, 0x46, 0x76, 0x45, 0x65,
    0x84, 0x08, 0x94, 0x93, 0x30, 0x26, 0x08, 0x14, 0x35, 0x44, 0x28, 0x49, 0x36, 0x72, 0x37, 0x77,
    0x06, 0x87, 0x48, 0x67, 0x07, 0x03, 0x96, 0x78, 0x12, 0x72, 0x44, 0x77, 0x18, 0x41, 0x67, 0x92,
    0x14, 0x47, 0x93, 0x47, 0x67, 0x38, 0x40, 0x02, 0x16, 0x88, 0x13, 0x14, 0x69, 0x09, 0x86, 0x81,
    0x82, 0x30, 0x35, 0x57, 0x72, 0x60, 0x79, 0x74, 0x98, 0x64, 0x42, 0x06, 0x98, 0x71, 0x91, 0x82,
    0x17, 0x06, 0x11, 0x73, 0x79, 0x99, 0x34, 0x84, 0x76, 0x62, 0x02, 0x62, 0x82, 0x00, 0x11, 0x78,
    0x78, 0x07, 0x13, 0x79, 0x04, 0x36, 0x66, 0x73, 0x54, 0x70, 0x82, 0x29, 0x33, 0x98, 0x51, 0x22,
    0x60, 0x96, 0x40, 0x45, 0x51, 0x61, 0x26, 0x35, 0x10, 0x49, 0x17, 0x82, 0x51, 0x43, 0x93, 0x38,
    0x90, 0x52, 0x37, 0x70, 0x62, 0x06, 0x22, 0x10, 0x17, 0x38, 0x26, 0x71, 0x76, 0x09, 0x88, 0x36,
    0x33, 0x60, 0x75, 0x52, 0x66, 0x78, 0x24, 0x38, 0x86, 0x89, 0x95, 0x72, 0x15, 0x99, 0x25, 0x56,
    0x52, 0x06, 0x80, 0x02, 0x68, 0x14, 0x50, 0x47, 0x16, 0x24, 0x65, 0x20, 0x43, 0x02, 0x71, 0x94,
    0x12, 0x54, 0x32, 0x69, 0x50, 0x37, 0x66, 0x50, 0x52, 0x84, 0x41, 0x44, 0x85, 0x02, 0x99, 0x08,
    0x45, 0x20, 0x05, 0x23, 0x15, 0x46, 0x62, 0x39, 0x05, 0x92, 0x48, 0x74, 0x04, 0x34, 0x95, 0x37,
    0x51, 0x79, 0x71, 0x11, 0x67, 0x53, 0x22, 0x52, 0x03, 0x74, 0x96, 0x60, 0x65, 0x02, 0x23, 0x45,
    0x69, 0x57, 0x87, 0x10, 0x88, 0x63, 0x47, 0x32, 0x21, 0x48, 0x46, 0x31, 0x71, 0x47, 0x62, 0x11,
    0x02, 0x76, 0x40, 0x28, 0x67, 0x12, 0x08, 0x83, 0x74, 0x67, 0x84, 0x34, 0x66, 0x56, 0x30, 0x66,
    0x17, 0x34, 0x29, 0x09, 0x06, 0x89, 0x18, 0x80, 0x45, 0x73, 0x81, 0x88, 0x18, 0x43, 0x59, 0x23,
    0x15, 0x52, 0x06, 0x85, 0x62, 0x84, 0x83, 0x05, 0x85, 0x05, 0x37, 0x47, 0x46, 0x75, 0x63, 0x73,
    0x34, 0x88, 0x09, 0x96, 0x87, 0x00, 0x24, 0x14, 0x17, 0x84, 0x91, 0x22, 0x55, 0x59, 0x81, 0x21,
    0x70, 0x43, 0x82, 0x57, 0x45, 0x23, 0x26, 0x14, 0x21, 0x00, 0x95, 0x32, 0x97, 0x48, 0x56, 0x59,
    0x39, 0x47, 0x08, 0x43, 0x50, 0x80, 0x47, 0x77, 0x67, 0x62, 0x55, 0x64, 0x46, 0x92, 0x07, 0x35,
    0x50, 0x46, 0x35, 0x52, 0x97, 0x62, 0x84, 0x71, 0x06, 0x62, 0x74, 0x22, 0x61, 0x57, 0x27, 0x24,
    0x02, 0x32, 0x26, 0x84, 0x08, 0x67, 0x77, 0x62, 0x79, 0x90, 0x92, 0x57, 0x30, 0x99, 0x20, 0x59,
    0x71, 0x05, 0x82, 0x20, 0x87, 0x24, 0x37, 0x36, 0x37, 0x11, 0x27, 0x89, 0x59, 0x07, 0x33, 0x34,
    0x84, 0x48, 0x22, 0x74, 0x43, 0x80, 0x74, 0x63, 0x42, 0x21, 0x57, 0x57, 0x15, 0x60, 0x73, 0x32,
    0x54, 0x70, 0x68, 0x00, 0x66, 0x86, 0x36, 0x56, 0x44, 0x97, 0x57, 0x94, 0x24, 0x06, 0x50, 0x13,
    0x72, 0x25, 0x01, 0x04, 0x12, 0x02, 0x85, 0x67, 0x05, 0x01, 0x30, 0x95, 0x30, 0x69, 0x12, 0x14,
    0x03, 0x93, 0x15, 0x71, 0x95, 0x54, 0x58, 0x64, 0x96, 0x61, 0x45, 0x63, 0x26, 0x11, 0x74, 0x86,
    0x51, 0x23, 0x49, 0x75, 0x29, 0x13, 0x12, 0x94, 0x42, 0x47, 0x75, 0x11, 0x04, 0x74, 0x01, 0x00,
    0x15, 0x19, 0x94, 0x47, 0x97, 0x94, 0x30, 0x96, 0x18, 0x85, 0x72, 0x56, 0x08, 0x78, 0x99, 0x05,
    0x49, 0x78, 0x98, 0x44, 0x72, 0x59, 0x60, 0x23, 0x56, 0x95, 0x15, 0x66, 0x04, 0x56, 0x00, 0x18,
    0x08, 0x15, 0x33, 0x94, 0x75, 0x57, 0x11, 0x47, 0x68, 0x79, 0x10, 0x31, 0x94, 0x90, 0x53, 0x73,
    0x08, 0x60, 0x33, 0x51, 0x44, 0x68, 0x02, 0x04, 0x97, 0x69, 0x45, 0x86, 0x14, 0x52, 0x43, 0x05,
    0x51, 0x96, 0x56, 0x79, 0x64, 0x15, 0x43, 0x95, 0x67, 0x67, 0x38, 0x21, 0x05, 0x84, 0x17, 0x84,
    0x19, 0x56, 0x94, 0x65, 0x25, 0x42, 0x63, 0x30, 0x22, 0x56, 0x77, 0x90, 0x24, 0x46, 0x10, 0x46,
    0x42, 0x74, 0x20, 0x26, 0x75, 0x95, 0x08, 0x64, 0x07, 0x41, 0x97, 0x45, 0x22, 0x43, 0x20, 0x13,
    0x31, 0x64, 0x81, 0x86, 0x57, 0x89, 0x46, 0x08, 0x00, 0x86, 0x67, 0x98, 0x32, 0x65, 0x20, 0x66,
    0x69, 0x76, 0x65, 0x52, 0x55, 0x91, 0x41, 0x38, 0x64, 0x07, 0x97, 0x04, 0x89, 0x07, 0x94, 0x67,
    0x40, 0x88, 0x37, 0x28, 0x11, 0x70, 0x18, 0x01, 0x57, 0x75, 0x98, 0x82, 0x88, 0x08, 0x62, 0x65,
    0x98, 0x55, 0x69, 0x50, 0x53, 0x25, 0x42, 0x99, 0x07, 0x40, 0x70, 0x99, 0x22, 0x66, 0x62, 0x54,
    0x30, 0x73, 0x39, 0x85, 0x05, 0x53, 0x19, 0x27, 0x80, 0x07, 0x50, 0x38, 0x00, 0x57, 0x95, 0x45,
    0x14, 0x87, 0x10, 0x82, 0x77, 0x14, 0x67, 0x48, 0x40, 0x00, 0x02, 0x76, 0x45, 0x77, 0x94, 0x88,
    0x45, 0x48, 0x04, 0x42, 0x82, 0x86, 0x03, 0x49, 0x01, 0x01, 0x42, 0x80, 0x07, 0x60, 0x97, 0x45,
    0x10, 0x96, 0x03, 0x56, 0x74, 0x16, 0x27, 0x62, 0x52, 0x47, 0x51, 0x90, 0x49, 0x55, 0x72, 0x91,
    0x37, 0x69, 0x32, 0x51, 0x53, 0x09, 0x68, 0x04, 0x82, 0x10, 0x15, 0x39, 0x91, 0x32, 0x93, 0x85,
    0x79, 0x40, 0x44, 0x79, 0x24, 0x15, 0x53, 0x52, 0x60, 0x99, 0x07, 0x89, 0x56, 0x46, 0x92, 0x83,
    0x52, 0x59, 0x72, 0x21, 0x01, 0x31, 0x45, 0x12, 0x10, 0x05, 0x49, 0x13, 0x02, 0x70, 0x83, 0x13,
    0x83, 0x98, 0x89, 0x63, 0x76, 0x74, 0x94, 0x47, 0x36, 0x33, 0x10, 0x57, 0x62, 0x88, 0x97, 0x86,
    0x30, 0x17, 0x65, 0x43, 0x99, 0x79, 0x80, 0x88, 0x83, 0x15, 0x90, 0x50, 0x47, 0x53, 0x63, 0x18,
    0x80, 0x04, 0x11, 0x13, 0x63, 0x11, 0x44, 0x52, 0x11, 0x07, 0x54, 0x64, 0x68, 0x52, 0x79, 0x32,
    0x62, 0x63, 0x94, 0x49, 0x16, 0x42, 0x80, 0x95, 0x22, 0x99, 0x80, 0x65, 0x36, 0x22, 0x29, 0x63,
    0x45, 0x37, 0x61, 0x65, 0x21, 0x66, 0x00, 0x31, 0x08, 0x74, 0x89, 0x00, 0x16, 0x95, 0x26, 0x36,
    0x92, 0x73, 0x95, 0x24, 0x79, 0x51, 0x91, 0x79, 0x78, 0x66, 0x06, 0x71, 0x64, 0x68, 0x61, 0x10,
    0x48, 0x50, 0x08, 0x69, 0x65, 0x72, 0x59, 0x86, 0x24, 0x06, 0x10, 0x70, 0x56, 0x19, 0x71, 0x57,
    0x47, 0x98, 0x79, 0x26, 0x60, 0x40, 0x69, 0x04, 0x82, 0x40, 0x23, 0x00, 0x40, 0x62, 0x58, 0x29,
    0x60, 0x88, 0x88, 0x69, 0x83, 0x62, 0x49, 0x10, 0x46, 0x68, 0x96, 0x85, 0x20, 0x02, 0x31, 0x40,
    0x86, 0x21, 0x14, 0x66, 0x84, 0x40, 0x50, 0x80, 0x17, 0x70, 0x35, 0x09, 0x46, 0x74, 0x30, 0x04,
    0x37, 0x63, 0x57, 0x55, 0x37, 0x24, 0x59, 0x32, 0x86, 0x90, 0x77, 0x89, 0x25, 0x89, 0x17, 0x20,
    0x41, 0x93, 0x87, 0x65, 0x12, 0x14, 0x84, 0x57, 0x54, 0x83, 0x63, 0x05, 0x20, 0x65, 0x12, 0x76,
    0x94, 0x10, 0x38, 0x98, 0x73, 0x88, 0x37, 0x38, 0x54, 0x52, 0x22, 0x17, 0x41, 0x11, 0x58, 0x11,
    0x40, 0x25, 0x95, 0x18, 0x86, 0x95, 0x91, 0x65, 0x55, 0x32, 0x00, 0x88, 0x50, 0x78, 0x74, 0x57,
    0x33, 0x37, 0x66, 0x34, 0x97, 0x66, 0x19, 0x17, 0x70, 0x69, 0x17, 0x32, 0x17, 0x20, 0x14, 0x60,
    0x69, 0x14, 0x31, 0x75, 0x59, 0x54, 0x05, 0x57, 0x77, 0x13, 0x56, 0x33, 0x05, 0x32, 0x32, 0x97,
    0x15, 0x99, 0x44, 0x35, 0x65, 0x14, 0x54, 0x13, 0x20, 0x41, 0x51, 0x80, 0x41, 0x61, 0x89, 0x77,
    0x06, 0x49, 0x51, 0x01, 0x66, 0x19, 0x15, 0x27, 0x35, 0x31, 0x70, 0x19, 0x06, 0x40, 0x72, 0x08,
    0x96, 0x29, 0x42, 0x30, 0x66, 0x25, 0x65, 0x58, 0x72, 0x17, 0x15, 0x21, 0x05, 0x11, 0x87, 0x03,
    0x75, 0x38, 0x01, 0x07, 0x32, 0x74, 0x26, 0x13, 0x77, 0x11, 0x77, 0x86, 0x41, 0x05, 0x99, 0x85,
    0x57, 0x54, 0x87, 0x53, 0x86, 0x57, 0x10, 0x70, 0x13, 0x59, 0x94, 0x14, 0x07, 0x05, 0x20, 0x68,
    0x90, 0x44, 0x35, 0x45, 0x78, 0x70, 0x48, 0x20, 0x55, 0x77, 0x33, 0x59, 0x96, 0x76, 0x19, 0x07,
    0x83, 0x19, 0x50, 0x63, 0x15, 0x98, 0x55, 0x14, 0x32, 0x00, 0x72, 0x88, 0x70, 0x21, 0x61, 0x75,
    0x49, 0x77, 0x52, 0x00, 0x09, 0x29, 0x44, 0x43, 0x15, 0x14, 0x47, 0x62, 0x65, 0x46, 0x40, 0x99,
    0x24, 0x05, 0x62, 0x34, 0x46, 0x55, 0x56, 0x72, 0x44, 0x92, 0x96, 0x56, 0x44, 0x66, 0x69, 0x38,
    0x41, 0x07, 0x28, 0x36, 0x22, 0x80, 0x59, 0x53, 0x39, 0x32, 0x98, 0x02, 0x00, 0x71, 0x02, 0x17,
    0x17, 0x15, 0x66, 0x98, 0x79, 0x30, 0x96, 0x50, 0x65, 0x93, 0x89, 0x63, 0x29, 0x19, 0x02, 0x70,
    0x21, 0x53, 0x16, 0x48, 0x60, 0x45, 0x56, 0x40, 0x25, 0x45, 0x30, 0x02, 0x61, 0x67, 0x93, 0x90,
    0x68, 0x34, 0x63, 0x46, 0x43, 0x88, 0x05, 0x10, 0x45, 0x70, 0x94, 0x12, 0x30, 0x07, 0x27, 0x90,
    0x59, 0x94, 0x32, 0x95, 0x40, 0x65, 0x86, 0x86, 0x67, 0x38, 0x50, 0x63, 0x14, 0x12, 0x37, 0x07,
    0x35, 0x72, 0x62, 0x42, 0x73, 0x80, 0x47, 0x46, 0x63, 0x45, 0x32, 0x26, 0x20, 0x33, 0x55, 0x93,
    0x06, 0x97, 0x90, 0x67, 0x37, 0x73, 0x68, 0x15, 0x65, 0x28, 0x58, 0x35, 0x13, 0x76, 0x87, 0x44,
    0x94, 0x36, 0x15, 0x10, 0x83, 0x11, 0x64, 0x73, 0x49, 0x52, 0x74, 0x29, 0x02, 0x67, 0x38, 0x69,
    0x14, 0x58, 0x43, 0x70, 0x07, 0x86, 0x41, 0x02, 0x23, 0x17, 0x43, 0x19, 0x74, 0x18, 0x19, 0x34,
    0x30, 0x34, 0x12, 0x66, 0x84, 0x58, 0x54, 0x59, 0x72, 0x64, 0x85, 0x38, 0x84, 0x20, 0x25, 0x91,
    0x10, 0x16, 0x72, 0x26, 0x43, 0x74, 0x52, 0x92, 0x97, 0x99, 0x72, 0x23, 0x53, 0x36, 0x94, 0x83,
    0x06, 0x37, 0x31, 0x68, 0x14, 0x29, 0x08, 0x08, 0x45, 0x05, 0x59, 0x33, 0x85, 0x38, 0x52, 0x63,
    0x94, 0x24, 0x42, 0x72, 0x42, 0x36, 0x48, 0x63, 0x27, 0x76, 0x90, 0x36, 0x33, 0x45, 0x06, 0x57,
    0x52, 0x40, 0x22, 0x36, 0x97, 0x79, 0x11, 0x57, 0x75, 0x07, 0x15, 0x07, 0x12, 0x88, 0x54, 0x82,
    0x59, 0x70, 0x50, 0x26, 0x53, 0x16, 0x04, 0x25, 0x31, 0x46, 0x92, 0x48, 0x20, 0x86, 0x49, 0x22,
    0x47, 0x09, 0x91, 0x46, 0x79, 0x56, 0x16, 0x90, 0x61, 0x72, 0x27, 0x42, 0x22, 0x25, 0x47, 0x08,
    0x86, 0x00, 0x86, 0x77, 0x10, 0x39, 0x91, 0x20, 0x93, 0x36, 0x58, 0x17, 0x51, 0x63, 0x51, 0x25,
    0x87, 0x45, 0x51, 0x38, 0x66, 0x40, 0x14, 0x28, 0x00, 0x60, 0x06, 0x35, 0x10, 0x52, 0x51, 0x38,
    0x78, 0x40, 0x34, 0x50, 0x84, 0x06, 0x11, 0x76, 0x07, 0x68, 0x63, 0x12, 0x03, 0x68, 0x17, 0x06,
    0x00, 0x48, 0x50, 0x30, 0x00, 0x65, 0x05, 0x61, 0x46, 0x07, 0x07, 0x13, 0x95, 0x77, 0x61, 0x74,
    0x75, 0x94, 0x95, 0x24, 0x46, 0x59, 0x95, 0x90, 0x68, 0x31, 0x88, 0x24, 0x40, 0x15, 0x20, 0x56,
    0x88, 0x16, 0x06, 0x22, 0x71, 0x23, 0x12, 0x16, 0x25, 0x13, 0x48, 0x84, 0x91, 0x44, 0x02, 0x97,
    0x70, 0x66, 0x78, 0x16, 0x38, 0x37, 0x25, 0x86, 0x28, 0x39, 0x83, 0x28, 0x11, 0x28, 0x93, 0x81,
    0x90, 0x44, 0x12, 0x60, 0x80, 0x34, 0x38, 0x00, 0x38, 0x07, 0x81, 0x80, 0x28, 0x59, 0x42, 0x63,
    0x76, 0x44, 0x38, 0x59, 0x70, 0x64, 0x26, 0x63, 0x27, 0x73, 0x54, 0x42, 0x68, 0x86, 0x59, 0x59,
    0x00, 0x29, 0x80, 0x07, 0x34, 0x43, 0x12, 0x36, 0x10, 0x41, 0x80, 0x38, 0x64, 0x75, 0x48, 0x61,
    0x59, 0x91, 0x57, 0x23, 0x95, 0x60, 0x09, 0x58, 0x55, 0x03, 0x40, 0x82, 0x65, 0x09, 0x99, 0x74,
    0x24, 0x94, 0x65, 0x71, 0x39, 0x84, 0x04, 0x66, 0x26, 0x09, 0x70, 0x38, 0x79, 0x16, 0x17, 0x01,
    0x15, 0x66, 0x58, 0x92, 0x96, 0x73, 0x81, 0x68, 0x89, 0x58, 0x16, 0x31, 0x87, 0x42, 0x41, 0x11,
    0x32, 0x37, 0x97, 0x90, 0x90, 0x55, 0x33, 0x88, 0x06, 0x74, 0x98, 0x66, 0x87, 0x42, 0x25, 0x19,
    0x82, 0x08, 0x24, 0x24, 0x30, 0x41, 0x28, 0x10, 0x92, 0x00, 0x71, 0x12, 0x29, 0x13, 0x16, 0x83,
    0x33, 0x14, 0x36, 0x00, 0x06, 0x07, 0x08, 0x28, 0x65, 0x23, 0x22, 0x81, 0x20, 0x28, 0x14, 0x42,
    0x81, 0x50, 0x97, 0x96, 0x69, 0x04, 0x05, 0x43, 0x92, 0x85, 0x00, 0x53, 0x45, 0x06, 0x04, 0x07,
    0x40, 0x12, 0x94, 0x38, 0x07, 0x90, 0x34, 0x59, 0x37, 0x37, 0x72, 0x15, 0x32, 0x47, 0x42, 0x92,
    0x79, 0x35, 0x36, 0x82, 0x49, 0x11, 0x60, 0x24, 0x45, 0x14, 0x91, 0x18, 0x99, 0x37, 0x44, 0x58,
    0x50, 0x15, 0x90, 0x16, 0x74, 0x09, 0x12, 0x75, 0x95, 0x70, 0x02, 0x53, 0x75, 0x20, 0x94, 0x25,
    0x08, 0x05, 0x68, 0x87, 0x01, 0x18, 0x62, 0x39, 0x63, 0x19, 0x82, 0x67, 0x74, 0x54, 0x16, 0x86,
    0x18, 0x22, 0x42, 0x05, 0x11, 0x49, 0x46, 0x73, 0x40, 0x06, 0x33, 0x32, 0x24, 0x88, 0x68, 0x57,
    0x75, 0x60, 0x83, 0x68, 0x93, 0x50, 0x44, 0x09, 0x65, 0x38, 0x77, 0x71, 0x60, 0x64, 0x58, 0x61,
    0x53, 0x38, 0x52, 0x79, 0x48, 0x54, 0x00, 0x59, 0x90, 0x03, 0x50, 0x13, 0x28, 0x66, 0x20, 0x72,
    0x07, 0x44, 0x34, 0x41, 0x34, 0x80, 0x07, 0x74, 0x10, 0x71, 0x92, 0x09, 0x73, 0x56, 0x26, 0x36,
    0x04, 0x36, 0x82, 0x32, 0x13, 0x07, 0x08, 0x21, 0x31, 0x88, 0x39, 0x71, 0x32, 0x92, 0x46, 0x17,
    0x11, 0x42, 0x31, 0x36, 0x88, 0x93, 0x45, 0x91, 0x01, 0x88, 0x76, 0x40, 0x79, 0x82, 0x12, 0x57,
    0x51, 0x01, 0x45, 0x44, 0x36, 0x64, 0x90, 0x10, 0x82, 0x04, 0x32, 0x66, 0x95, 0x70, 0x61, 0x45,
    0x08, 0x58, 0x51, 0x58, 0x23, 0x77, 0x29, 0x87, 0x16, 0x02, 0x57, 0x15, 0x14, 0x59, 0x05, 0x42,
    0x38, 0x18, 0x33, 0x27, 0x01, 0x02, 0x05, 0x04, 0x89, 0x02, 0x98, 0x06, 0x66, 0x48, 0x76, 0x59,
    0x08, 0x52, 0x03, 0x25, 0x69, 0x99, 0x39, 0x97, 0x40, 0x34, 0x44, 0x93, 0x11, 0x42, 0x03, 0x95,
    0x80, 0x11, 0x78, 0x70, 0x80, 0x90, 0x04, 0x09, 0x87, 0x52, 0x71, 0x35, 0x06, 0x08, 0x97, 0x80,
    0x56, 0x66, 0x39, 0x03, 0x83, 0x59, 0x42, 0x19, 0x33, 0x88, 0x76, 0x10, 0x45, 0x43, 0x71, 0x30,
    0x38, 0x14, 0x14, 0x38, 0x40, 0x12, 0x68, 0x31, 0x50, 0x36, 0x73, 0x02, 0x03, 0x95, 0x75, 0x49,
    0x50, 0x43, 0x98, 0x51, 0x14, 0x14, 0x30, 0x07, 0x47, 0x08, 0x13, 0x48, 0x19, 0x68, 0x75, 0x40,
    0x83, 0x76, 0x58, 0x19, 0x48, 0x58, 0x04, 0x47, 0x02, 0x26, 0x53, 0x29, 0x80, 0x73, 0x04, 0x05,
    0x73, 0x30, 0x21, 0x88, 0x32, 0x80, 0x80, 0x50, 0x79, 0x80, 0x48, 0x12, 0x12, 0x51, 0x65, 0x16,
    0x04, 0x39, 0x11, 0x04, 0x80, 0x53, 0x98, 0x60, 0x07, 0x30, 0x51, 0x04, 0x21, 0x72, 0x63, 0x96,
    0x00, 0x47, 0x69, 0x51, 0x92, 0x23, 0x56, 0x33, 0x84, 0x58, 0x73, 0x43, 0x28, 0x20, 0x02, 0x20,
    0x57, 0x82, 0x72, 0x85, 0x65, 0x89, 0x85, 0x12, 0x58, 0x05, 0x89, 0x73, 0x94, 0x45, 0x98, 0x17,
    0x82, 0x29, 0x32, 0x01, 0x53, 0x71, 0x27, 0x22, 0x15, 0x40, 0x89, 0x97, 0x43, 0x33, 0x63, 0x29,
    0x73, 0x82, 0x33, 0x35, 0x46, 0x14, 0x80, 0x47, 0x20, 0x38, 0x27, 0x93, 0x02, 0x66, 0x08, 0x05,
    0x05, 0x67, 0x39, 0x36, 0x50, 0x17, 0x44, 0x29, 0x99, 0x02, 0x65, 0x16, 0x37, 0x49, 0x38, 0x54,
    0x36, 0x17, 0x21, 0x55, 0x23, 0x23, 0x36, 0x76, 0x41, 0x34, 0x40, 0x11, 0x77, 0x91, 0x95, 0x08,
    0x98, 0x13, 0x30, 0x29, 0x59, 0x38, 0x00, 0x79, 0x17, 0x18, 0x39, 0x43, 0x86, 0x67, 0x90, 0x17,
    0x16, 0x66, 0x30, 0x81, 0x10, 0x58, 0x69, 0x49, 0x10, 0x10, 0x06, 0x90, 0x54, 0x98, 0x79, 0x83,
    0x31, 0x09, 0x21, 0x81, 0x30, 0x59, 0x32, 0x88, 0x60, 0x65, 0x00, 0x03, 0x69, 0x91, 0x81, 0x64,
    0x47, 0x58, 0x18, 0x93, 0x83, 0x34, 0x03, 0x32, 0x87, 0x45, 0x26, 0x30, 0x53, 0x64, 0x81, 0x43,
    0x65, 0x99, 0x72, 0x74, 0x71, 0x76, 0x99, 0x09, 0x08, 0x78, 0x98, 0x27, 0x14, 0x39, 0x49, 0x22,
    0x23, 0x11, 0x51, 0x28, 0x67, 0x69, 0x14, 0x26, 0x38, 0x93, 0x70, 0x07, 0x07, 0x98, 0x52, 0x97,
    0x19, 0x63, 0x20, 0x45, 0x14, 0x82, 0x38, 0x79, 0x93, 0x86, 0x58, 0x34, 0x48, 0x68, 0x79, 0x53,
    0x82, 0x20, 0x96, 0x84, 0x05, 0x31, 0x99, 0x55, 0x88, 0x08, 0x22, 0x12, 0x48, 0x12, 0x39, 0x28,
    0x95, 0x91, 0x44, 0x24, 0x83, 0x38, 0x48, 0x14, 0x32, 0x96, 0x93, 0x80, 0x32, 0x65, 0x34, 0x16,
    0x85, 0x10, 0x84, 0x86, 0x00, 0x11, 0x16, 0x68, 0x62, 0x68, 0x20, 0x27, 0x40, 0x60, 0x21, 0x73,
    0x55, 0x60, 0x82, 0x49, 0x41, 0x44, 0x53, 0x93, 0x05, 0x00, 0x44, 0x42, 0x17, 0x73, 0x93, 0x42,
    0x43, 0x86, 0x05, 0x37, 0x97, 0x07, 0x84, 0x49, 0x96, 0x01, 0x18, 0x68, 0x00, 0x71, 0x34, 0x15,
    0x34, 0x29, 0x21, 0x39, 0x21, 0x87, 0x06, 0x15, 0x61, 0x17, 0x38, 0x18, 0x59, 0x95, 0x71, 0x46,
    0x84, 0x88, 0x78, 0x56, 0x12, 0x36, 0x51, 0x79, 0x03, 0x72, 0x01, 0x99, 0x48, 0x30, 0x36, 0x32,
    0x01, 0x33, 0x09, 0x56, 0x57, 0x56, 0x52, 0x99, 0x36, 0x76, 0x85, 0x66, 0x49, 0x69, 0x80, 0x30,
    0x49, 0x27, 0x84, 0x21, 0x92, 0x64, 0x52, 0x41, 0x41, 0x80, 0x26, 0x26, 0x21, 0x07, 0x76, 0x14,
    0x11, 0x90, 0x24, 0x64, 0x02, 0x43, 0x79, 0x85, 0x87, 0x80, 0x33, 0x22, 0x48, 0x94, 0x61, 0x43,
    0x55, 0x61, 0x46, 0x56, 0x72, 0x40, 0x67, 0x53, 0x43, 0x16, 0x99, 0x30, 0x66, 0x38, 0x51, 0x01,
    0x13, 0x80, 0x36, 0x93, 0x02, 0x19, 0x49, 0x66, 0x17, 0x90, 0x45, 0x71, 0x12, 0x14, 0x45, 0x34,
    0x89, 0x94, 0x81, 0x71, 0x36, 0x93, 0x80, 0x63, 0x25, 0x47, 0x33, 0x11, 0x81, 0x71, 0x90, 0x40,
    0x62, 0x24, 0x64, 0x96, 0x25, 0x59, 0x30, 0x91, 0x55, 0x04, 0x20, 0x52, 0x11, 0x13, 0x15, 0x30,
    0x32, 0x77, 0x49, 0x43, 0x73, 0x92, 0x41, 0x50, 0x26, 0x10, 0x26, 0x69, 0x05, 0x61, 0x07, 0x12,
    0x02, 0x73, 0x36, 0x09, 0x17, 0x69, 0x45, 0x89, 0x37, 0x29, 0x39, 0x00, 0x08, 0x47, 0x82, 0x33,
    0x05, 0x07, 0x07, 0x97, 0x33, 0x25, 0x71, 0x20, 0x15, 0x08, 0x89, 0x90, 0x03, 0x60, 0x92, 0x70,
    0x05, 0x02, 0x28, 0x87, 0x24, 0x18, 0x62, 0x29, 0x76, 0x19, 0x40, 0x32, 0x86, 0x05, 0x56, 0x52,
    0x96, 0x33, 0x65, 0x31, 0x40, 0x11, 0x10, 0x30, 0x32, 0x07, 0x26, 0x50, 0x91, 0x41, 0x46, 0x08,
    0x82, 0x67, 0x91, 0x26, 0x09, 0x37, 0x72, 0x22, 0x91, 0x68, 0x19, 0x23, 0x62, 0x79, 0x90, 0xDC,
};
} // namespace mu::iex::enc
